-- Note that comment lines need to end with a semicolon for CreateDB.java to work;

-- The primary keys (id) should really be CHAR(40), not VARCHAR(40), but;
-- to make life easier in testing, I've placed them as VARCHAR(40) for now;

-- First drop everything (order matters here for foreign keys!);
--set integrity =0;
ALTER TABLE store DROP FOREIGN KEY `store_ibfk_1`;
ALTER TABLE store DROP COLUMN managerid, DROP INDEX managerid;






DROP TABLE IF EXISTS payment;
DROP TABLE IF EXISTS debitorcredit;
DROP TABLE IF EXISTS journalentry;
DROP TABLE IF EXISTS commission;
DROP TABLE IF EXISTS generalledger;
DROP TABLE IF EXISTS storeproduct;
DROP TABLE IF EXISTS employee;
DROP TABLE IF EXISTS fee;
DROP TABLE IF EXISTS pproduct;
DROP TABLE IF EXISTS forrent;
DROP TABLE IF EXISTS forsale;
DROP TABLE IF EXISTS rental;
DROP TABLE IF EXISTS cproduct;
DROP TABLE IF EXISTS crental;
DROP TABLE IF EXISTS print;
DROP TABLE IF EXISTS photo;
DROP TABLE IF EXISTS printorder;
DROP TABLE IF EXISTS sale;
DROP TABLE IF EXISTS product;
DROP TABLE IF EXISTS revenuesource;
DROP TABLE IF EXISTS trans;
DROP TABLE IF EXISTS customer;
DROP TABLE IF EXISTS membership;
DROP TABLE IF EXISTS store;
DROP TABLE IF EXISTS businessobject;


-- BUSINESSOBJECT TABLE (everything extends this);
CREATE TABLE businessobject (
  id           VARCHAR(40) PRIMARY KEY,
  botype       VARCHAR(250)
);


  -- STORE TABLE;
CREATE TABLE store (
  id              VARCHAR(40) PRIMARY KEY REFERENCES businessobject(id),
  location        VARCHAR(250),
  managerid       VARCHAR(250),
  address         VARCHAR(250),
  phone           VARCHAR(250),
  salestaxrate    NUMERIC(8,3),
  subnetid        VARCHAR(250)
  );
  INSERT INTO businessobject(id, botype) VALUES('store1', 'intex.BusinessObjects.Store');
  INSERT INTO businessobject(id, botype) VALUES('store2', 'intex.BusinessObjects.Store');
  INSERT INTO businessobject(id, botype) VALUES('store3', 'intex.BusinessObjects.Store');
  INSERT INTO businessobject(id, botype) VALUES('store4', 'intex.BusinessObjects.Store');
  INSERT INTO store (id, location, managerid, address, phone, salestaxrate, subnetid) VALUES ('store1', 'Akron', 'employee3', 'address', 'phone', 1.123, 'Ward');
  INSERT INTO store (id, location, managerid, address, phone, salestaxrate, subnetid) VALUES ('store2', 'Kaysville', 'employee4', 'address', 'phone', 1.123, 'Kabe');
INSERT INTO store (id, location, managerid, address, phone, salestaxrate, subnetid) VALUES ('store3', 'Corvallis', 'employee5', 'address', 'phone', 1.123, 'Daniel');
INSERT INTO store (id, location, managerid, address, phone, salestaxrate, subnetid) VALUES ('store4', 'Medford', 'employee6', 'address2', 'phone2', 1.124, 'Jon');

  -- CUSTOMER TABLE;
CREATE TABLE customer(
  id              VARCHAR(40) PRIMARY KEY REFERENCES businessobject(id),
  firstname       VARCHAR(250),
  lastname        VARCHAR(250),
  phone           VARCHAR(250),
  email           VARCHAR(250),
  address         VARCHAR(250),
  city            VARCHAR(250),
  state           VARCHAR(250),
  zip             VARCHAR(250),
  validated       boolean,
  password        VARCHAR(250),
  validationcode  VARCHAR(250),
  member          boolean
  );
  INSERT INTO businessobject(id, botype) VALUES ('cust1', 'intex.BusinessObjects.Customer');
  INSERT customer(id, firstname, lastname, phone, email, address, city, state, zip, validated, validationcode, Password) VALUES ('cust1', 'Jack', 'Shephard', 'ph123','jackshephard@tengentllc.com','addr','city','ST','zip',false, 'jackshepvc' ,'password');
  INSERT INTO businessobject(id, botype) VALUES ('cust2', 'intex.BusinessObjects.Customer');
  INSERT customer(id, firstname, lastname, phone, email, address, city, state, zip, validated, validationcode, password, member) VALUES ('cust2', 'John', 'Locke', '3139990023','johnlocke@tengentllc.com','12 Boston st.','Anaheim','CA','97332',true, 'johnlockvc' ,'password', true);

-- Membership table;  
 CREATE TABLE membership(
 id           VARCHAR(40) PRIMARY KEY REFERENCES businessobject(id),
 creditcard   VARCHAR(250),
 startdate    VARCHAR(250),
 expirationdate VARCHAR(250),
 securitycode   VARCHAR (250),
 trial        boolean,
 custid       VARCHAR(40) REFERENCES customer(id)
 
 );
  
  -- TRANSACTION TABLE;
CREATE TABLE trans(
  id              VARCHAR(40) PRIMARY KEY REFERENCES businessobject(id),
  dateof          DATE,
  subtotal        NUMERIC(8,2),
  tax             NUMERIC(12,3),
  custid          VARCHAR(40) REFERENCES customer(id),
  storeid         VARCHAR(40) REFERENCES store(id),
  total           NUMERIC(8,2),
  empid           VARCHAR(250)
  );
  INSERT INTO businessobject (id, botype) VALUES ('trans1', 'intex.BusinessObjects.Trans');
  INSERT INTO trans (id, custid, storeid, empid) VALUES('trans1', 'cust1', 'store1', 'employee2');
   INSERT INTO businessobject (id, botype) VALUES ('trans2', 'intex.BusinessObjects.Trans');
  INSERT INTO trans (id, custid, storeid, empid) VALUES('trans2', 'cust2', 'store1', 'employee1');

-- REVENUESOURCE TABLE;
CREATE TABLE revenuesource (
  id              VARCHAR(40) PRIMARY KEY REFERENCES businessobject(id),
  chargeamt       NUMERIC(8,2),
  transid         VARCHAR(40) REFERENCES trans(id),
  typeof          VARCHAR(250)
  );
  
    -- PRODUCT TABLE;
CREATE TABLE product (
  id              VARCHAR(40) PRIMARY KEY REFERENCES businessobject(id),
  price	          NUMERIC(8,2),
  typeof          VARCHAR(250),
  model           VARCHAR(250)
  );
  INSERT INTO businessobject(id, botype) VALUES('FS1', 'intex.BusinessObjects.ForSale');
  INSERT INTO businessobject(id, botype) VALUES('FS2', 'intex.BusinessObjects.ForSale');
  INSERT INTO businessobject(id, botype) VALUES('f300', 'intex.BusinessObjects.ForSale');
  INSERT INTO businessobject(id, botype) VALUES('FR1', 'intex.BusinessObjects.ForRent');
  INSERT INTO businessobject(id, botype) VALUES('FS4', 'intex.BusinessObjects.ForSale');
  INSERT INTO businessobject(id, botype) VALUES('FS5', 'intex.BusinessObjects.ForSale');
  INSERT INTO businessobject(id, botype) VALUES('FS6', 'intex.BusinessObjects.ForSale');
  INSERT INTO businessobject(id, botype) VALUES('FS7', 'intex.BusinessObjects.ForSale');
  INSERT INTO businessobject(id, botype) VALUES('FS8', 'intex.BusinessObjects.ForSale');
  INSERT INTO businessobject(id, botype) VALUES('FS9', 'intex.BusinessObjects.ForSale');
  INSERT INTO businessobject(id, botype) VALUES('FS10', 'intex.BusinessObjects.ForSale');
  INSERT INTO businessobject(id, botype) VALUES('FS11', 'intex.BusinessObjects.ForSale');
  INSERT INTO businessobject(id, botype) VALUES('FS12', 'intex.BusinessObjects.ForSale');
  INSERT INTO businessobject(id, botype) VALUES('FS13', 'intex.BusinessObjects.ForSale');
  INSERT INTO businessobject(id, botype) VALUES('FS14', 'intex.BusinessObjects.ForSale');
  INSERT INTO businessobject(id, botype) VALUES('FS15', 'intex.BusinessObjects.ForSale');
  INSERT INTO businessobject(id, botype) VALUES('FS16', 'intex.BusinessObjects.ForSale');
  INSERT INTO businessobject(id, botype) VALUES('FS17', 'intex.BusinessObjects.ForSale');
  INSERT INTO businessobject(id, botype) VALUES('FS18', 'intex.BusinessObjects.ForSale');
  INSERT INTO businessobject(id, botype) VALUES('FS19', 'intex.BusinessObjects.ForSale');
  INSERT INTO businessobject(id, botype) VALUES('FS20', 'intex.BusinessObjects.ForSale');
  INSERT INTO businessobject(id, botype) VALUES('FS21', 'intex.BusinessObjects.ForSale');
  INSERT INTO businessobject(id, botype) VALUES('FS22', 'intex.BusinessObjects.ForSale');
  INSERT INTO businessobject(id, botype) VALUES('FS23', 'intex.BusinessObjects.ForSale');
  INSERT INTO businessobject(id, botype) VALUES('FS24', 'intex.BusinessObjects.ForSale');
  INSERT INTO businessobject(id, botype) VALUES('FS25', 'intex.BusinessObjects.ForSale');
  INSERT INTO businessobject(id, botype) VALUES('FS26', 'intex.BusinessObjects.ForSale');
  INSERT INTO businessobject(id, botype) VALUES('FS27', 'intex.BusinessObjects.ForSale');
  INSERT INTO businessobject(id, botype) VALUES('FS28', 'intex.BusinessObjects.ForSale');
  INSERT INTO businessobject(id, botype) VALUES('FS29', 'intex.BusinessObjects.ForSale');
  INSERT INTO businessobject(id, botype) VALUES('FS30', 'intex.BusinessObjects.ForSale');
  INSERT INTO businessobject(id, botype) VALUES('FS31', 'intex.BusinessObjects.ForSale');
  INSERT INTO businessobject(id, botype) VALUES('FS32', 'intex.BusinessObjects.ForSale');
  INSERT INTO businessobject(id, botype) VALUES('FS33', 'intex.BusinessObjects.ForSale');
  INSERT INTO businessobject(id, botype) VALUES('FS34', 'intex.BusinessObjects.ForSale');
  INSERT INTO businessobject(id, botype) VALUES('FS35', 'intex.BusinessObjects.ForSale');
  INSERT INTO businessobject(id, botype) VALUES('FS36', 'intex.BusinessObjects.ForSale');
  INSERT INTO businessobject(id, botype) VALUES('FS37', 'intex.BusinessObjects.ForSale');
  INSERT INTO businessobject(id, botype) VALUES('FS38', 'intex.BusinessObjects.ForSale');
  INSERT INTO businessobject(id, botype) VALUES('FS39', 'intex.BusinessObjects.ForSale');
  
  INSERT INTO product (id, price, typeof, model) VALUES ('cproduct1', 79.99, 'ForSale','Filter');
  INSERT INTO product (id, price, typeof, model) VALUES ('cproduct2', 32.99, 'ForSale','Tripod');
  INSERT INTO product (id, price, typeof, model) VALUES ('crental3', 3.51, 'ForRent','DVD-5');
  INSERT INTO product (id, price, typeof, model) VALUES ('cproduct4', 31.55, 'conceptual','Battery');
  INSERT INTO product (id, price, typeof, model) VALUES ('cproduct5', 2799.99, 'ForSale','6D');
  INSERT INTO product (id, price, typeof, model) VALUES ('cproduct6', 1399.99, 'ForSale','7D');
  INSERT INTO product (id, price, typeof, model) VALUES ('cproduct7', 1199.99, 'ForSale','60D');
  INSERT INTO product (id, price, typeof, model) VALUES ('cproduct8', 14.99, 'conceptual','Cleaner');
  INSERT INTO product (id, price, typeof, model) VALUES ('cproduct9', 1299.99, 'ForSale','COOLPIX A');
  INSERT INTO product (id, price, typeof, model) VALUES ('cproduct10', 379.99, 'ForSale','COOLPIX P330');
  INSERT INTO product (id, price, typeof, model) VALUES ('cproduct11', 349.99, 'ForSale','COOLPIX S800c');
  INSERT INTO product (id, price, typeof, model) VALUES ('cproduct12', 349.99, 'ForSale','COOLPIX S9500');
  INSERT INTO product (id, price, typeof, model) VALUES ('cproduct13', 2699.99, 'ForSale','D600');
  INSERT INTO product (id, price, typeof, model) VALUES ('cproduct14', 699.99, 'ForSale','D3200');
  INSERT INTO product (id, price, typeof, model) VALUES ('cproduct15', 799.99, 'ForSale','D5100');
  INSERT INTO product (id, price, typeof, model) VALUES ('cproduct16', 1499.99, 'ForSale','D7000');
  INSERT INTO product (id, price, typeof, model) VALUES ('FS1', 79.99, 'ForSale','Filter');
  INSERT INTO product (id, price, typeof, model) VALUES ('FS2', 32.99, 'ForSale','Tripod');
  INSERT INTO product (id, price, typeof, model) VALUES ('f300', 3.53, 'ForSale','Camera');
  INSERT INTO product (id, price, typeof, model) VALUES ('FR1', 3.53, 'ForRent','DVD-5');
  INSERT INTO product (id, price, typeof, model) VALUES('FS4', 2799.99, 'ForSale','6D');
  INSERT INTO product (id, price, typeof, model) VALUES('FS5', 1399.99, 'ForSale','7D');
  INSERT INTO product (id, price, typeof, model) VALUES('FS6', 1199.99, 'ForSale','60D');
  INSERT INTO product (id, price, typeof, model) VALUES('FS7', 1299.99, 'ForSale','COOLPIX A');
  INSERT INTO product (id, price, typeof, model) VALUES('FS9', 379.99, 'ForSale','COOLPIX P330');
  INSERT INTO product (id, price, typeof, model) VALUES('FS10', 349.99, 'ForSale','COOLPIX S800c');
  INSERT INTO product (id, price, typeof, model) VALUES('FS11', 349.99, 'ForSale','COOLPIX S9500');
  INSERT INTO product (id, price, typeof, model) VALUES('FS12', 2699.99, 'ForSale','D600');
  INSERT INTO product (id, price, typeof, model) VALUES('FS13', 699.99, 'ForSale','D3200');
  INSERT INTO product (id, price, typeof, model) VALUES('FS14', 799.99, 'ForSale','D5100');
  INSERT INTO product (id, price, typeof, model) VALUES('FS15', 1499.99, 'ForSale','D7000');
  INSERT INTO product (id, price, typeof, model) VALUES('FS16', 2799.99, 'ForSale','6D');
  INSERT INTO product (id, price, typeof, model) VALUES('FS17', 1399.99, 'ForSale','7D');
  INSERT INTO product (id, price, typeof, model) VALUES('FS18', 1199.99, 'ForSale','60D');
  INSERT INTO product (id, price, typeof, model) VALUES('FS20', 1299.99, 'ForSale','COOLPIX A');
  INSERT INTO product (id, price, typeof, model) VALUES('FS21', 379.99, 'ForSale','COOLPIX P330');
  INSERT INTO product (id, price, typeof, model) VALUES('FS22', 349.99, 'ForSale','COOLPIX S800c');
  INSERT INTO product (id, price, typeof, model) VALUES('FS23', 349.99, 'ForSale','COOLPIX S9500');
  INSERT INTO product (id, price, typeof, model) VALUES('FS24', 2699.99, 'ForSale','D600');
  INSERT INTO product (id, price, typeof, model) VALUES('FS25', 699.99, 'ForSale','D3200');
  INSERT INTO product (id, price, typeof, model) VALUES('FS26', 799.99, 'ForSale','D5100');
  INSERT INTO product (id, price, typeof, model) VALUES('FS27', 1499.99, 'ForSale','D7000');
  INSERT INTO product (id, price, typeof, model) VALUES('FS28', 2799.99, 'ForSale','6D');
  INSERT INTO product (id, price, typeof, model) VALUES('FS29', 1399.99, 'ForSale','7D');
  INSERT INTO product (id, price, typeof, model) VALUES('FS30', 1199.99, 'ForSale','60D');
  INSERT INTO product (id, price, typeof, model) VALUES('FS32', 1299.99, 'ForSale','COOLPIX A');
  INSERT INTO product (id, price, typeof, model) VALUES('FS33', 379.99, 'ForSale','COOLPIX P330');
  INSERT INTO product (id, price, typeof, model) VALUES('FS34', 349.99, 'ForSale','COOLPIX S800c');
  INSERT INTO product (id, price, typeof, model) VALUES('FS35', 349.99, 'ForSale','COOLPIX S9500');
  INSERT INTO product (id, price, typeof, model) VALUES('FS36', 2699.99, 'ForSale','D600');
  INSERT INTO product (id, price, typeof, model) VALUES('FS37', 699.99, 'ForSale','D3200');
  INSERT INTO product (id, price, typeof, model) VALUES('FS38', 799.99, 'ForSale','D5100');
  INSERT INTO product (id, price, typeof, model) VALUES('FS39', 1499.99, 'ForSale','D7000');
  
-- SALE TABLE (extends REVENUESOURCE table);
CREATE TABLE sale (
  id             VARCHAR(40) PRIMARY KEY REFERENCES revenuesource(id),
  quantity       NUMERIC(8,2),
  productid      VARCHAR(40) REFERENCES product(id)
);

--PRINT ORDER TABLE (extends REVENUESOURCE table);
CREATE TABLE printorder(
	id           VARCHAR(40) PRIMARY KEY REFERENCES revenuesource(id),
	photoid      VARCHAR(40),
	printid      VARCHAR(250),
	quantity     INT
	);
	
	
--PHOTO TABLE;
CREATE TABLE photo(
	id           VARCHAR(40) PRIMARY KEY REFERENCES businessobject(id),
	caption      VARCHAR(250),
	custid       VARCHAR(40) REFERENCES customer(id),
	dateof       DATE,
	picas64      MEDIUMTEXT);
	
INSERT INTO businessobject (id, botype) VALUES ('photo1', 'intex.BusinessObjects.Photo');	
INSERT INTO businessobject (id, botype) VALUES ('photo2', 'intex.BusinessObjects.Photo');
INSERT INTO businessobject (id, botype) VALUES ('photo3', 'intex.BusinessObjects.Photo');
INSERT INTO photo (id, caption, custid, picas64) VALUES ('photo3', 'Caption: distrustful', 'cust2', '/9j/4AAQSkZJRgABAgAAZABkAAD/7AARRHVja3kAAQAEAAAAPAAA/+4ADkFkb2JlAGTAAAAAAf/bAIQABgQEBAUEBgUFBgkGBQYJCwgGBggLDAoKCwoKDBAMDAwMDAwQDA4PEA8ODBMTFBQTExwbGxscHx8fHx8fHx8fHwEHBwcNDA0YEBAYGhURFRofHx8fHx8fHx8fHx8fHx8fHx8fHx8fHx8fHx8fHx8fHx8fHx8fHx8fHx8fHx8fHx8f/8AAEQgBRQJYAwERAAIRAQMRAf/EAJcAAAEFAQEBAAAAAAAAAAAAAAQBAgMFBgcACAEAAwEBAQEAAAAAAAAAAAAAAAECAwQFBhAAAQMDAgQEAwcBBwIHAQEBARECAwAhBDESQVFhBXEiEwaBkTKhscFCIxQHUvDR4fFiMxVyJIKSQzQlFgiishcRAQEBAQADAQEAAgIDAQEAAAABEQIhEgMxQVEEIhNhcTKBQv/aAAwDAQACEQMRAD8Aw4LTZwty/wAq86R71OaF0FPCMkPLSgItp3mkeng8xaoFI9xBtpQULGbitOYVGRyEKRoOFGosP9TjRpYduAeH8ajUuqexcwuja0rYVruxnXSoLsFvCs8OJmRqdKZpRA1bijTkObjNAsAnCgYR7Wg3paaEuA00phLG8IFoFTtI0FBGOJpGjcbXphF6iGgjhLzpYD2PBvdONGAyUNI4W8TTAKVdDe9koKhZXcUtpVkG9R7XeNT/AEFMDZnDd4VehX96xIIcJ8rx5W2HJaPYeuqXt7C0BzQBbzEiwbT5/wDLX0Zn3V3Q5TyNxMMb0AGnxrL69tflzjKFXLucd2oB4+NcVuuyVC8EgoFBsak4RsRiYCAhH1A3CU4aFzpX7mnaAbKl6E2kbAGna1WnrSJ6SME3PAXsAtPU+Q80bC658o40ZqoDn3IWBAxblb0XwqKzKhY1fTd1cXAp8KWKlV2QInbbEnoaP/RmI5jTfW60boNaNxQ3IpiiGO2C9gQgPKnGdhgKvvZLAkWoGCIBtcrTd2hGlOCwj3ue8NJG5LLTLEbiwflB4lKm4koDg0jnwThQR+G1ok3eRrBotr1XBdNn2WeHcjHtDiPpFwfsru+XTj+kXcM0cUQC7WqhiVQXnkAPxreOe8jQSke4lxCkoF8xo0Asxv6To7bnncQSS5OijWselqyOZzAWO1aSFsTrSnX+U9RIMnS96dpYcchp4340rSwx+QOFL2P1QSZPW1L2XiF+Q4m32aUaMM9V1OdDCes6n7DCiciovQ9Thk2t8KJ3Swx+WRprxqvY8M/duPhStVOUbpySqkj7am0YaXNOgTxos8CHxsaQATfilSaeNh5DpSB5Zr9lMIZ/poAOVpSlTDngKQGjVa2b0+xAQ/KgjHkFycKNBnGkUeAWx+FQZCF+q/hTkL8PY0Nq5RakLztTQ8xU0jBIQUWp0US2Sw5i4oZtz7D7j+u2PdyHxrXiosdl7XIXxAm9PootWtAbpes1JEph5L8udLAgyCQCeQ0oGqfLzPTBulVIWo8TvDSEWxNFg1ZQ5jHgXFLD0QJgaA8Q0tsb86DDyWoJC+QtN6C05uQg5UDTvVUXoPUcm1w60CBXK0kKQOmtPSw1gC9KrQmjUG1hqKmljJ+7+4jJ7hH2+I/o4/mmcCivIsLf0il+3GvM8KruXchidtfG288gUHx0Fa25FcS6xkoJhLXEl5Je5NFOi1x9fjrxXq3YQEKffWCpQ5c5zkaAE+om1JZWNDztTUU5BqN8D9haqJo7hTwqgmdLtBaFJstSQcudLGSPM1hQ+NCrMRyyBrUDFCD76NSika97N8jQ7+hvICi0wWQHOjQFDoKPY1Y9j3DboWm9OeVai2KoJAeOelLD00h6pa9lFMiXCBw3C+nSgrDNz3fS021FAwVET6ahjjIOC1ciLTYVdE97ijmXAOtEg00BTcJ+B60knBFuCnOlgeDS1Nw/S8FPwo/CaLsLoxKFIETgEI1B4V1/Kub6NRDJ6kckbSI3WvcP+HLxrpnTno6OV5i2O2lEJDSEHDgpq4Vh8scj0eG75G2bvKOLeaGl1ySi7jG6KIlqgKrmol/hXP0cVTs0C624AVNp4d+8paJHv3fWlqvUx2Sp0QcqXsWE9cKgFuVGjCmVRZBT08M9WyE/Gj2GGmcELfwpaMMORa2vI0qaGTJ609LDBlINaNPC/uU60aMPjnJuafsMFRTAUQCmTN535U/UjzI0XQePH50YEEsjL8HfK3IjWjAElRQh0o9RqFwCeXrUUxwBVOelbVqUnhx8KWjTSG25jjRh6aRcBoXpRghyBPw60JppQFKDwrXUaRboqWqbREflVQPnUiiYwCwLxpoxofamQ2PPaSUWyfGq4vlFju/Y5g6FqWB0rSpaFiJUKw/h91BE3JQeBM4kMJ4GgqxHuLuAiaQbWN605R0x+H7mSVzQ8EKirxpiNL2z3I120FwvxJpUa1GD3VkjU3fBaWCVZxZAeAlQvUjvM1QVKUAJOOevCiEEe4grx5UzI2Z46GmD/VeikpSwPGUG/wBtGAzeAbVUgRZncWYWJNkv0jarRzPAUrD5jn0MkkvqSylXvdvk4KSVIWo5/W9mRU+48uV2bG1NoaigHmLD4VH27bfHkGwvc0taFXR3I1nzfC1c5rTI6MkBwKkms7z5OI5MZ7wUcL6JSxemtZI1W2aBxokKmywB7CigE3HM06Wo3Yr3ROYz6kNTlHuEfiGHGGyzjqyj1qvcG5bktBS5HIUsLYieJ3Rq3ch4UetOUI8EuDHFALkil601dkN2zktcQOVXIcqF/wBW0am9FMgftOluIFLQUyRvUiwANutMImOBuFHSlhUVBJGS4OueVXKzsI5oQuRAvlNPSJYKT+bU6JUjDmmNzSjSUIvamQhrJXBoPFUCeU05CtWnbS2N7Y3OR4u0WT41rxusO122d7JGNDd24gNeCp041vKxvKxhfKHm5JJXY1GtTrVzU9QTj5zJPLKx3qNd5EAQDx1q5dRiLLgY9sjnkyBCoCW8LrUd4rlipAWyOalg4ouoFctaHAk3WgY9u5/3UEdep1WFGml6qVNISeVAw0h/AW50zx7a7lSGI3iS6NPWloxCYXou0pyo08IIH/0mgHtxpAVT460xTm40q2XVTbWghUeLK66EeKiqhCG4swbx8KrS0vpSCxN+VGjTTjykobDlRpWkOHI5EBBo0RGcKUKo41FNI6+moraxtSAnjRhELjy+NIPNdehR5RKSULlJWhU/DmG/AciampK8nT7qQMJO5rRqedICIwSRyGtMln2s7cpjmqq60c/qOnc/Zc75cKPcTuRa2v4y/rbs0Fr8qj+KKia60A0/I86DC5rvKn2Uirm/vRqY0nMBRW3DPpwCbveXhdzn9N52NeSWnxqb+rk8NP2X3lFNtY9xY8WTl86co9W67P7lc0tDnqDo5dKr2iK3Ha+/MeAjlWosVKvsfMbIBcVCtTP2Ob1oPAksaE0CxC2PwUVUSkDQiaU1I5Yy3zX28KEgpZdg1J5inDUPujOdJjRY7dHO3v8ABulR3WnznlRxSRx4j3vvu0HO1Tz+Nr5uM9m78ids0guV8LC1ZdzW/EwhcGMK7gR+UaLTswK2SQmZzXNVy6dKxv6pIU3NICqoAHCg4SFu5xso0PSnzBTp9zQjWqmhHCqsINFK9reJcpubXqD8I5HRxkO3N3fmB4/bTZoshuI9pe4I48RxpU4qy+IgtEiBKUXAUmRjtIX4CwW9PTqKcYrmjzoTdEvQUBSHGAJ3byAgSl4VlCyBjRZSw6prUqMhiiL7SlTcNIqhSujMaA3udKVhU+Dc5xACpeiJoi2wbiQdFOgpoL6RAIJBBNluooUURANagG5dR/dTRU2OVd52lwPKnE0UyKQTqwEtJS4sBWrLpYEyA/p3cOBOqVcqE3/J3Y+Vjo5HELGPpO3itLafrq07f3F3pukKMY8odt9qmtfn0x65HPmO8K0NUJuJ8xHhVWpivZ2I5krzEVLeJCa1hi5Uo9qTInAHWjBp3/1Kc8D8qMLSj2nNwuaj1PTh7Un/ALCnhalb7QkfcghdAlP1L2P/APpsnX5U/Uezx9mSm17X0owexW+yXH6l+Apeg9kv/wBGOoB+KU/Qe5w9jsFwCT4U5wV6KPZqflI5Ueg9kjfZoIsPhR6l7C4fZrEILE05rTweyY+z2/03PIJar2DSt9mtLvoUeFL1LU8fsqNFLAPhRg1K32VAf/TuKLyJUv8A9LgudluQAo9TrkTn7dQnWjcbkEgOlGg6QeVaZvNZYUulHhoRUpBGUNAIEAqaCEkn7qQeY1xJPHnyoMVCAlJnREDv1mlpS9zT5T1+O5fx5NvwWDQtsTxresY6E3QHmKzU8aAY4/OlTC5ZVpt4UQVgPeMO7HkW5Qit+GePmv3Cww94nafzOJqOv1Uqv3EFWlHc1qTXnZ/dWRiubHkHdH/XxFOUWN72P3k0OaA8FpuFWn7FY6N2b3CyZg840ovOlrUYvcWPAUrwWlYrRLntcKMCPcOFIPF7UHOqNDLKA2lhKzLmCm/yquSrKd8lLpQl0agrP6N/lFVK5ImxOIAQG3HpWX8b4H9NgkC+Uf0nnVRpERhG6/mc7Rf8KKWqnIiEWSj2EXUuWse4udJN+P6LmhiDgUW9UEfrMjI1K6kBBpxrO3AQZJeiRgKQA4BaXtQY/wBdxRzdpCIALmmSGSLyvbJutxtpSMDkwOjYsZYhQjcUt8FpWqgT9q/0S8kF5J6WpUAM7Ha2IB4a4A3ThTkASPEa4uUlpKbaeDUU2Cz1Akobt+q1j40YrQ0UOQXO9VwDfyuGhFGGYcV2/fuPwoK0+Nsty1yMXjxpQkcWYWz+mYgHaNf0qs8aLBhmjc3abkceHOkn1TRhpaoaWjgtCej4YWXcXqQVaDTiKVoDnBSU4AcKcIS3IeJiB9OgB1NVCSeq0PFjuJu4laonsmYtYAoU6HXS9HsXKftma1gPqFHEgaKE5pT56R3ytn5e17P1S5ouu3h4JWkrGctB7TmB7tjtd5o5D6byvlCjUrp8aLVWLfvXv3+P+0ZjsJ2d+8yYzteMRvqNbz3P+ml7K5+Fqy7D3z2z3sJhzFrz9LJRtXwpxPXysX47FED9IPhU6nDm9jjH5fso0YnHZ2WCA9KNKxP/AMKzTbanKMIezRj8tVown/DRpZt6nRiRvaIh+ULxtVaWHDtDODfso0YV/Z4yV2r8KNGPDtEYaAGBddKNGJmdqYQEACUaWJR2pn9IpaCjtrB+UU9GJG9rYAu29K0Yf/xrBZADzolGHN7aw8B8qejHytI0klacjcsICm6jgESnhiHNbwFPAjAuoPxqRqQtB8OdPBqBwIK6VF/VR5oqQftGpQJ0oOGloB8aRnCQ8CetLWaaBzt4AKXFBdfjtX8czfoNtdw611fxz39dPjPkaelZKeNKmiLr86DQ5KGM2W1EFYn3QxYXILEGteGfT5x9+wti7qJF+oFfHWl1+jhmjK3aoValZu8pf5UiSYudkQuVhIRECrUyVTbe1/er45mxTP2g/SvSteaix1nsnuJkzR5wVAq01q8TubXgDX++psOCnZAQlqGlhh35pBINuVUWoH9xa4EGg1dlzu4XHGglRkRtnyHb1AaLcKw7/XVx+KfMOx52lA3ygnjWUvlvApLd7fOdp4czVapO98UcXqm7wEa3S9HXScV888TyfV2iQas/vqL0qQ0+j6LpHu9MiwDaV7OQO6XtyXBkQcSTU+8VIHyO5R72tiiVEOxt9OVL2GI/3PcZZWua30QlnOVSKXkZDJcPJernZdyLgBKeUtVeTCYgQ+Z5P5Xbrml6qhkmKRjBZ3KAoBcTf405yNUOWHyOIMmmq63pKhhbI2IK8lgGopgODDuV28E6BCh+K0jear5CGuLWagdaAi9PKMyeT0uZBa77KfjP/JVK2KUEtBBBOhoJGmVu2PRjTrxNAFRNxw3a4+Vp8oAVaCERtcQukZ+kHWmXTzGkOIBJS9DNI36UPDSmMPikBJDtW3FGlUj5wJArhzXWnKzqGTJJYgftcDcEALQrDcaUiTePLfzbr6Uc3KOo0GLmMyscuiQGNS8mxt+Fby7PDDrjyy3ffc+d3F0mDgSGLABAyHtKeq5utxfbU3rJ5dny+MzyEgxYcXHM0p2QgI1ApJ6CsLvVdPPH+BXbPdxxpWtxg/FcCPTl3Ao4cSK2vFz9F+W/r6X/AIw9zn3N7bbJkEO7hiERZBCDeDdshTTkajnt5v2+frWvEDbVbM9sMadaaekoiYnCgnvRj1Io0PekwaCx1oUd6bTpRowvptpppNjSedAIY2rpQRwDQiUGcGhdVpgoaAb0A8BiJyopU5G6/dRCestqYfJj4g4aL/pNaSN5ETW7ClqDsThx4fGlpIipNjfVDS0HteSD1/LzpniF/wD0rf5VH6Z4IANr0rDNdIGlb0qMQiTU6BajTODjxpanE+M/9VhIKG3SqT1+O2fxyx3osLrWsOVdP/8ALlrqEK+m23Cso0ecSRegInacuQPGgIZSdir8KZ1k/cTVjcTqOFafNn0+eP5PhDX+oiIfKfsNHcHDnzMgu5LWerSOkIKOsaRPMd8+NPS9iGUtfuabjSpvVVGz9o+83wSNimcQQgC1c61N511zsnuBk0bXbxpWmpxpsbuAcAAQQeNAEPc17detB4r54iCeINAAzOc1qL0oB2ekUoQ+UgKT1rn6vl18Twzuaj53FUUqPAVjb5dEngBJntYdoY6R4KhNPnRp4GyYs6UF0p9JjgrAKmwaGxnyue2EFsb2nzPA3E/+KnORUn7R+RMWPfISEO96FP8Ay86fqBTe2RMH6rlTUDSj1g0n7aPdtji04pdKMg0wxmSRxkJDGWvYE86NhaTIibG0Au8pCB1r0exs/wBzbCSES/FV+6ptVA+eYhjkMUuA1INK04oXoBt9MuVFWyp1qZVV5oc2MhjEaqkai9UWoJWsI2uiKtOoIpHpGxREr6TweJ11+NA1IYoHt+q44E08CMwuEhSy8VVKMKlljLngPJDuFFTqSPFaCrjZoVaMGnsa4vahsQUNMUsYle4sAIcV10QdachWHk7WkKp/uosTYiLnAghtwLlaRUQ2Vzg0tdtPVEpyovJuUgaHhwEioV4/OnTgUSb1a5u4/UXfl58KmeTAy937kyHK7RjOAgyE/cSG7kJUNaRpW/GSLnEqXt+HCxzYrIzzPd0AU1h3d6dE/DO5tfND6gJ9NpBYzglPm+Wvz8VTODSpHy5VvrfNdo//ADj30t9zydte/wD95jOYhNljCi3gKyz/AJOD/d48a+iSiW0GlaV5keYSRf7aBUgPWgsKbCgYQUG8F1UUFpy0aRFvRoeUgImvGmHhr460A4H5UyK4hLUArVBIRaVFKCgtTIq0B8pv2pYIQK1byhXOAN70rTtLvARAi6rqKCw43pYeEVLuNOmjJOgsDwFSZrpNutT0chgkJCCow8eBaDelhPbzx+2pIRiFZWnrar58o6d39gJ+1jQcBY11X8ctdGjI2t+FY40ed/kDpQED3AWH2Uwik+kg8QtB1m+/Rn03J1rTjwjp8/8A8rQj9q9xGhUfBafflHNyuTRuBaKyrT2P3ucQCfGpPUjpECceYoSVrnfUTpT1UNMjmbXxlHA+NAbP2r7wkiLIpHng1TVyp9XWuxd+jna1HKlVqWpxslrwL0zTvcHa3pkAyYbqNAQflSCu7rMH5LotTtDtv3Vy9/ru+fiKzLia6YPk1CBLotQ0B5EsbXFsbg0nVLgfKj2PEORG849lIBVpdqRxtTMI2BzGkROaHPGqIUOq0jOY+LGk2HIaXFFAIunWjcK1JJ3HbaOMkcHcP8aVpGEdyyAol2tcFtY/GlJT2I2YLTIs7nSPGrXqGn8KfrD1BlMxYpC0MD9ps0qflS8Gqu4FwaGtjLGEr8OtRacV/cpx6LQPMdEAp4qKxsJTc+7jZgHLlSnItSFhCWAAHm3a1SNR7HPcgY4s/wBI+2gzmY5a7zMU3uVWgtRTNIaSWbLofGhXNDxxxtcW3YT140sO1PGxxUvk3bApOptwpyILJ+mz1E3tdo1b08PETS8Fxc7h5efSjDSQNc4FChbYHgTzpwqn2K1rXHc0/m4rTiKSRgDdqWNt3960WeE6YG+kwlz96fSnm+6pwIZJ95R4QfljaLn4U9FmGKYml3BgLi2onXlXPlX4OM5XTvXfI7ceg5VfV3xGyXJa+ENadxEvmf4cBS/jXmi4lkjAJ/T00pSGpMqF0OWWO+h9x1Fa83w0471sP4gyf2X8hdrmduDG5Ia4j/UCADS7/Yz/ANnzw+vZGAPcoRDpVR4xAGk6Uwc1qaUAp660GajeZPOgntopJKHW1pghIoDw2qpOlAK030SnoO3BEo0jd7fhxFAK17OVhzoGHtc1eRNMYcCE1WkHykSDwNbRqHkjuT1sKnr8BGx7fE60Sqh1lp7DJuoIx2mt6mqQTJtF+FT0cRxqE48qlR75OtIkRkDneGtQVWPa4/UnjYBYn8avhn1+O7+y4jDix8EAVfGuq/jlb2GVm3obVk0iRzhZKQQvI5fbTCF9zrwogtUfeWKx48StaSp6cP8A5Oxt+JMAlgdaqxm4ZG5ChsQtZ2LxKCBdahRoeC77SOVPCSCQ6Lalij1IbakEBkfC/fG5LqU1q55Fra+0vdr2Fkcj9PnRPF8lcdd7F35ksbfNwrTUtRj5TXt1UHQ0yOlQttcnhRYGf7t+nlAuIa+RwavFK5O/13c/gPI3yzybCkTdZDfholTjSB2sxUIaFI05kUvCg8oyXk7EDbglxuB4UxoCfHxwWbnvcgVxuAT/AHUjT/tcIsa4IHBB408iaLgZBHEwho3rqQv30ZCpzwXNc56ta36SECnoKBAL8hDucpdoGH6/gE/Ghap7p3IMkD2xyDbqHBCtZ2qiu7lJnPx2OIY17hZhKkrxKaVFlHgDJFkO2ucWlxQOIBsnSrg14Yj3EyFwfzAsiUJ15zRtDtx26OaDyo0Fc9oKMJRF4j7qZajkneB/uomgAWkNgOXJc9vmc2QLwKGjTQPc0SO5cFF6RylxSZXln/oi7ni1OCnOHryHYR6LSgJ1J5VQ0PI573FrPraRt+FJQiJyFrQE4vcOdGpo7a0NFwVKA+NXEPTRhiC9zYi/zoqdCy7XOO1WuaUCWaakIWxf9y50lnhEI5Uoc8ly4niPa5Ekd5W9BUZlVxPJzINgAcvmPC5p600O/FzZMp0kaFoKBignaLcapcqRscrfM5hY5x0oq98I+7YXr9vMrWkTY53jq381XxU8XKt/4jAm98dpBAIky2kjwv8AhR3+r+//AMvrySZjpX34lKqfjxzgbUwcTtuvxpHCOdxJ+NAROf1pkcJWJrQWFJCLzoLEe4L0oGEBR1AxJu/zoCN73AKf8KAZ6o+FMPCYJ+FPAkbM3aEtzWkCiZov9mtMny01wve9at6a4laKT200vUEdYEmj1UhlkLV5A2pnhofoPjSpYgyHX8NTUdKiDcmhqDRSZKAjU0jIyRXKONSjV52JzRlxtcfzJ+NXx+s+3d/bs0YhjTRAAda6a541LMlyNJNk+2s/6uJhlnavHiKMBBksP1LSwWlEjTx10oJWd0buaefSr5KuP/yBj78afdoQUrW/iI+dJg5uXKxLtJH21H8bWbCvcjdamRG4a0koadAlgstZ0JRcJUqiKVodbSq5oqKGWSGTc0oRers1Dee1PdL2ODJXaWF6iVWOp9n9wsexiuJ+6tJ0lpcfObJGEOtqrSxXdxxDkZ+9wVijYa5PrPLt468K3Lyi95hiaGtadrinKsb1/G0iAjadqKup0FLTJKYGlQ7duFms8x+ytJUhZoJI2gsjXijvxFOqgNxl9YtVrWNG4ix+6kYvCeHvcCuiuBuq6AUyot0jGptcBsJBJuKKWBCRC10jv9xxJsEPOo9lKbuGO7IeHBxAcQStyami3HsmCMwNAHmGg4jqabP2Vs0ce5XuLHiy6WoVoaabHiK7wWH6rgVV/EewTJ7zgQAJdqW0P3U5zB71UP8Ac+MXP3NcE+lSAD9taf8AWj2Qs77BkPawwPCjUglaXXzVOk8boXDeInMXQPsflWfoudFbM1zxYlh/OP7qWKh7Hbmu2hE4Gg0plLYtjQj3cqYRAIGiw23KUlRK2QoAyx4miiwRFIQ4DeHHXRPhT5T1ymO6Qbj5Q0EiqrHqAZpXmUMQmoqpBEEcTXncoaW8blaUO+Czt3zNUKGNG0Cir+aQgqXNsG6k1P8ADZ6WHKxsv14pHeZxKEqL1rL4bfxZjOmla0StVE0++ospZ4TYmQyScAtGx5LXN1VuholHU8Cf43j/AOP/AJMwIwVbBlKF027SQvwrXrzivp1vzr6gx+6eo+xBU/jWnPPh4+rfGyHOA60Xk4IdM0hfspWGEmyw2keaFdmtLhzNMWYkjyiuoPMU8Tops5IC6nhSpw8vuVueTb0gQA8kTTp40CvEPUrSSjk3Hp0qwiIPz40gYrwbBVp6DXSubenIaL92Up4T5sKjlWjUjVVVKcqAlBF7UgjdtUi9Cg73EuATWpUYSRcfKlaYWd96nDDOmAGotwoqQj59z056CszE45RqNUAc6B66Mx8l0MrXNuVC24UW4ufN2n+Pu/RZeK0D6m2LeNdPPWxyfT55XSoYS6MJ4otJBTG8WuR+NGmYQWqaelXmyAam1SNC9wkZ6ZK2quSrl3vhjXQSpxBAWtaxr5r7s30e6ZDdxCuUp8KnGkBSTElFUcKqcjDoCdKXSqPjJDErCnDySg0SpDyar8KDQZEfG1rrV80kUGVLDIC0kkHUVd5lL8bX257qc0Na56HxrG7FOhdn91NIaC/kp1q+ek9RqDmfvYIJYnoxjyHc9Kx+tdHxAZRc57xisRT/ALjiAwdedc9dPNCSMhYGumc6QnrtA8ACtRVpIZY2KWNDWlCrU+1StXzcQlbkB6JZl1JGtaf9gxQZMzP3EromK0+RvTrUXrVSCsOSONzXq8k6tN9KfPWChu4dwESPTV6v68qz66ORFnZ6x+ZxR/EctaV6okVmV3zFhaxG7i3S/Hwq+ek9az3cfc+U6R5iBa02U2QnkBWkusbKoc3vvc5C4AkF1nOAI08a254l/Tyq+fPmeokJcR/UXGrnzR5CESTnytJdxIug8AK18cl62rTtvtx8o35BMbTYAjX51HX1/wAF6LxvasfHY0sLmhEDrAnrWHVOcnoDEgJJGht9qrWfs0nKGOMoRI4E34Ut1pieN7GNIeS57kACAD40BGSyNxdIdrym2Ma0KPJdIze/TX0xb7aBIjbObtjQnVTw6VNrSQRG8xv9Z7wGngQh+AqoVECeSZqMI2u14KPwp6ysII2BwG4tshIuaE4mw2EMdusCdjeac6cI6Zh9Ta0oeB8BUdHEGS9zInBbIpqY058qsls7SDdw4VpzW0RuLyQ0tQi1GaYjtcjBkOa7VDt5VKbWk9qxP/8A+j9ue0IZvTcDwJ2kVrz+o+n/AMV9CdsxpWvcHC63Txrpk8PLxoseN4AUaCooiR7tvypLkVebKQCV8RSxSmlynNutl+NODBeHmLx1qrE4tIplI4is6Bvq8tDSN5j/ADeNBJ2tUcBQWPFtk+dBGPi8oFMg72ECnDDviJKpeqlCJ0BXS9PQ+bHOadappD2MAsNKDh7kApqxDKT1vSAc7i9eB+dKqNejWpUU4rcooDzFOGrMnITyqeopdSYWXQTMg+oGjjxuazkh8zVviuVtnKuopyNuIPijDTuN+lPqTGrrX8U9nfGz13WMhUeC1t8+cjzvv15dswYC2IKSSlT0wicwAtUi90qTA5MAC6EcjTCqyHbATy0FORKp7hlksQ2HSrkK1z73W+R8b/zC9Wh87e6WbO6yFPqOtPlUqmWrPRWMFvWXalgxvFPxFYVR51vpypAoDSihb6CgEexpUcOIoALKhAB2251rx0M0EyaWFytJaRpW15lR7Yt+1+4cyKVjN52k3vWXXyzyqdSu0/xv3A9w7ZmQv3F8TmuBv9JF/jXP1y1+d8tHmExRbAAjLqKx6jo1VPZKQCfLvKhQpt9tY2NJSRRZDYyGxgucoJc0Knxo9aWo5I3s3Oa7a1rbgoqpTsOVRNdN6EjyFV1k4dazl8tDOy5U+T6rAf04S5Xu+xBTtFgiaL1GF7iAn5eK86cpBcsvf2xBd6EKfvqr+CfrLujEszm7tu2xJupqZD6oPKx8FujinMG9ulbc2lIXH7P++CwMcGt+txNk6darm0ri4x/YXbSWvyJXO5jgPGtP+y/jK6sme1u247T6dg3QAAL8am3S8mnFihk3bA4HzMCqnzqZ0MAZshBLiwlvCyhPhRdOcgZp8cMaRqSNwQqKmyr9TZz5dzUC68vsogiFji2bcwlz7I1+icSaCtTZIjjPrOcZZnWAb/cdKZS1A5zy3dO/0oxpHoviabUgle5n6TQ1nB/+BqaenwxiSQOkVzmp5nf2Slo0ewNaVcQGcKqVnU0bI3uY8uT+kGwvVEe4Fr7kNabKOIoRRQhb5i1dwCqfxp5C9qrO6O/ScmtgQOC1n1MafNWYrvTmdEediauR0X8GZLIfQdKqbTYcTWmeEzyC7e7/AL1riEYpI42rGqvMb7+PYGZH8qdjhb+VjXPbwFnFPlV8/rL6/wDxX0v+waJHABLlEHWtpXn4IZGWtvegSB8tqAn5cKFRRZ++6Gg8UGTv3800pw0mPI5o++rJa4uQgqOoMHMyiUunSoKwXHKuutIYLiegRPEf50BMqfGhmRboaAYWAm2vBaegz0BtP20aDfQboBRofLDSCRWzRMtkFM48CvGhSN1wi0i1CU3UKlQzuCVNi4qsmRV5UvxX4ps2Ro4gkceIpWiBMYukkUcKnqY154abt0JLVcEVLVUq7F1g4bsjIiga1fUchHBFo9dT1cj6F9kdpjxsWJu0ABoFuda248vu7W6a3YwW8ayohShACX4XoAXJaC08SRTPVLmRErwq5UKbIxZTpx4GqKsr3/tbpI3LYlQL1UQ4H/JfZv204na1Ao3J1WifojBtCuHWtKqLLGjACJXN3VyCgABovSs1Fa5jlKIlPA8xy2060gkW4teikimjBBIFzwongwGVjXUCt+O03A+FE85jGtF1rXq+GXrlfQ38Z4rcLteZLKQN7A4k8Erm+kbfOeReb3pjnvkejYAED3FB43rlvWuwFN7i7fHHuimbL/SRes+qcD5PunHigMr3AILsUKtR5GqnH904uRI8yK1jdAwanrQqQzO7njiBxa4NYhOv2IKU5/rTkvt5hZgkm75nl5HIHSlYvpYiBWEBASVTnVcxNV2ZDsid6kxBNyAOFOwoyGfIG5DmtJXcqj8avFVWTANJlLwvK/Ctef8ADP28tl2aeCPtm6MKeHJetTRism7t3PMzJgzJbh4uMC+ecKXcbMGhquZGlmT8Ge2Ozd879Fk5p7nkYnbI1ZjIGullcNSeAreSSOP69WVn+5R9zEuRiO7hNiZELi0mWQhjwDZygBFHKjjJ/GHfXWeFa/DznN2w5WVkZKBZGl3p/wDmcRatdn+C4nVMfg94heXskf5gr2uduXnfjU7zfFjo9ev8j8HuErIY48qIB5X09tib8RXP3zP415tWMUm8EtLY3PHmkfc24ABayM90jQwQ40bnSBd80vLmhoGBhEXO9TIcXn/VYDwGlL2axI/bt8lxSoPg3kXTamg1FEhWpo2hwIcCR01qpE0S0NaNrtBfYlyKZanIgOOiOsQQAb00UZG9xjaQpa4JV54SrS1z8z03KWOUPHIG1Z9frTlnyZYMl8TysrHlrl+zWn/5dMuxJn5RELILGV106VpvgczB3bMKKGAzyyH9MK/+kDU1nZvkr1rY/wADufnfyrh5BHl/Vew/6GMIFVPFkL/ZmfOvqtyKSTxsDWjzYjcSL8KDCTgEFL9NaYUua1yXHzp4ahyo/MTxoggdp2gBarQNgkICiotMbHMAi2WkB0MyhQamwqPhfYKb8TSIR6wBIpox71W3Pzp4MKHrdfhSow7UW8aBYUXPBaCfJcZPz5cK3aimuBaE+2mRrtR91BmlbhaQRkEKeXGhfIXJJTjU1apy3gEjgnhSVVDmSAPXnelmq5nlN2uMOkBSnHTI2GBAjAB8SavEVq/ZeK2XurS78tVzGH3uR9C9gia3Hj0A8EpdvPq4vxrI4Q210oCOVq3GnWmFfPEHEoL9aqJCmAFR8xTCh7xiMMTrXvdKuJscO/lTtRf2+ba3zNCjqadhSeXE4Wlzwgquq0WcQ5Cubo4nVoRQhS9IzQ7UGzddL0AkZ0ooTtPMDx40pSK4BxtameoZYlOi0pU4I7Hgibu8TQiKulac9J6jvfa8VsHYZ3IPoGunSq+k8D5XywHfoMl7nSOfNNG0EuahLW/6WAGuCuv2Z2VuQoDZXtJH0hqOPgL0TP6ftQEmNn7XQuEkg+pzEc4+KmqnTTiRPj9q7qgaIntbw3cPCiyVrLE57dlIDK8q3QE2rPFyrftmblwSBhIeAgHH7BUWWHcbLCgGRBG9kibrue4KeoA4VpzNZ2q/vcEEUJMYc9xsSbqPjVXkpWAnP/yDwfpFwtKRp1fAfuePEIwWOB38PvrXnwwn6P7ZF3MYboQBGwC0hOq9Knr9X7yLDtXs+SeMfuXBmM1S0Fx85OpdtNXP8n/2tJi9nja30cbKkx2MarY2eQEjQhaU6Z3rUc3ZseN5ORkmR5AMjn+Zy/6SgSrlZeqvn/axtfDGED3eUak+NV7xc5U8vpPeYnM2EqHNCbuVZd9as7a12W30mtjETdoam4px3Gs5BZUnb544ZpAGsbJfyOAB8QacKw3LfluVxMScSFJvRVRX+jcOkG7dzNvto8KlKHtuGBOB/uqbP8HqSIFrw/Rh1bypyYVoiR4a9oaLHlc0yxKPUDwRonm6/Ggj3k7S/dsYApbpbxpiiICfQjABZt03cQaes8RPBEheCpeUB4pWdqpGY9yzxHvjyx247Gh5H9SJXRzz/wAW/wA+v4N7X2qTIkM7v1PTapJrLf4Pp1kRdylLcf8Abhxb6jleFsg0pxp8Zrp//wCbsIn31JOAduNhyFdU3eUUceaj/c/+cfSm82raPONe8DjQAkr286MNV5hULwpwKTLCA08HKtcpJA+dThpoJDtACnxoA2GRfGlRg/HffoaVFg9kqAVKakGQE58zTTr3rtU7Sq8KZp2TBUX4UBK2ULypFY964/voLHya1yIeVbtImEp560JODiXeFCocoK3oBkjvJpehfILIkKIbWW9R0tS5sgW4pL5igySXSIPgKfLWRedmguF5BKI01q8ZiNtwStENJ7Kc8d5YOB1TxquGH3/H0F2EO/bNXgKjtw1cWNZmUtt+FARyKBfTTlTIBK0qeBSxqkhSfMpOv4VQAdzjJabrTiXLPfnbPWxZQiktNvhWhPnOTF/b5ksKJtcQh5Vl3VpmNKKtuArGrecb0AwkVQPaaVCZhQrr0qQl1Atc6f58KojVcLJ0tUSeQu/Z0Qd3lpIFhWvH6jp3rt+GyXtb4y3ylqH+wrXueE83yyWV23FfsD2B21yF4JFxooNcXUx2SaHP7GJ3/t2McCjpAAtR7LnJuXk4OBgy5ExbGw2Dnbdzi48yQKc/5NJywnff5BwGveMbdM0eUBg2tUc3Gtuf9e1n9Ptzwo3+6+5yhpZA2NmRZj13Vp/0Sf0fP77/ABa9hdl5s3oty/TyWBWxyRIHEcN2i1z9cunrvx+OhdpkMHbv1Y9sgKEaaVjz4RPKq77moEClR5gOSU71V88sTPIHZLnsFrbjRKrD5QzIYhAaQPKUrVl1Mo7t/cXwljHxh7gqsdy50IxfYncGiLaHkKdxadGpypXpfPIgdyTywuG8n6nFfv0rK9K9D5JI3+aWYscfqst60lRivnjwN5cJHyH82oWnaEMOLPODFgQtiiB80h1U+NzQf/tEe3txXFzCTkj63uUa9KMVVdkOjklcMlnpuukjW+Un4Xqbg9TBjtMbQ0NkHCVrj9raMTfBkrL7HI8ABE1BoMxm7adpRNWnVacMYyMem1rvqLVp1NK1yO3ctbJ9tJX8SNnLhtLh5tBdbUakssZdEQLt0Y0EknxoJPC8mJglJ9VpQjUAUyiRsjWuBN9u5PgKcvk6w2Hh5OdmSSyAtDnkveQiOca276knhpx4rYduyIcd0eO0ghv+45dVtXPyO5oTu/a2x5DXhDG9S063NVWny6x3P/8AP3YP2HYs3v0o2zdyeIMYEJ+lFqfi6n8p4c3+x3tx1X1wgK34itnNDHzbqAElmAcQoNBq/IkBBN/wphVZTmnyrrxplFabP5obVKj2OseVICYnngPitKqGQ5DgOg49aRUUzJKXt9tPEV5+SGE3T40pEGNzCtj/AH1WKEszAR+FKnBQzDtQErpQDTmDnRhPlvdyp26dOY5De/hVwJ2OPgAONAOD2oouOdHsZj3bjzTSjV8gMw8CoqbWvKjzXFSg1qLcaRWCIOkBdqDVSraXtUbfK7lWkORoIkCkVWqa/wBhQsOaXlC4kChx/wCzXee0NAx2jkOFLpxatWoErKqePOgkMunMUzBTrw8KE0HzWqhIp490dxTDEe6sHdE9ORStZ+Ir5x95YIxe8ucQfOeHOsejikHKs2rz2jxogMIC0wc0fdSCQJzvQEjVtfWmRzSVoDRezB/8qF0CXquf0q+gfbLliYeCCtdZ6p/f3bv+PLszYfTkHqB7Rq4cLVy/af11fK+XHO/+9ZMYl0Me4vH6XqIEdxLgDurP48e7r6/4zVR2pjvcmVJP3zKf6QtEwK1ngANErotnPiM7tifD9lZf62PLI39kHrHuB0OhAcgU0X6Vzf8AV5Wk3t/teJHFj+mdw1c4BW9Qv01nfo6uPnn4te0e2O1Rvjne4NIO9iDzbuGlQu9WNNJGfRIJDlBO40pz/RKx3d3Oc97tw3CxYOVTWkZpwYHuUpe6cUqI0Oje98aNF9QONaRPUSen60Rc5Wv0B0NFrP1G4T3taGyMJabB9EhfizxcFqk+sGuJVCai8nOqJiw4JHESTK4KoXWtIeDIIMVkBa5pOzU/moKcoc7MHoAtaIwbaAH7KVX6KfLk3AZDHvjXylHKAfDjT/QgZlasyow5dJowCo60sTYFyO2tEjZ8eQg/le38aBK8s73EvRx4kWcaace9Mrp5jrSqpBIJcVLUc21uVCbHiSVACEc9KVJGxge9zX2uHDlakaVmQAS1jCANBzI5VWp6OjmcS0oQXWc0oq1ZQ3JkkhKgKSbNPKoq0AypnK0RtaDoLURXJjP9wHeAVuaqRpK0Pt3sGZ7m7ph9rhJb6ivyJtBHC0+d66Klh1pczaz769fL6PwmYmFg4+BiN9PExY2xQjUkMCLXTJ4cPXe1OMhTY2pz8Ir5gQhNqeFQ8kqjx+dGCA55AGm/jT9TVk0gKk6c6mzFBHoXL8qhRWpTI9khb1vU4cStnPz1o0qk/cuDShN9DVQGmYnW9V4Qb6hB1QGjAmjyXjQn4UsPUpzUbRgw396oU8PhSwY+e9nOnhvFqDSw40uvwPF3K4pTTO3ldpFUp4ngfnSOA8goNLVFacqHOepKWHS1R/W0isEh3gA6m9a4uRp+1E7G38aJVL1j0ba/OqtJq/Y2Qf3gAKO3CnxXF/tO99nl/wC3A560+nGtmyBADrxSszOc9TTCOQgghUoKgpyEKaCnCCnXSqDz2hzOY48qAz3fsbdC/iCClVKnHz7/ACj2va8TtChhvS6Ec7U+NZNXrpSBqFaYK0EG/wDhRQkaQBekEjT5VBUhEFMJSm5AKCX/ALPP/wAgpsqIKrlNd69uTARRgXKBRWiWm7726HuvY5sWRoJ27mc1ArLubGnFyvm73P7Eyj7gwoY4fUxZngEsFw3Uhy3JrH59eux3+0s8tt/x2BhhscWMFYEFgF4cKV71CHNmHp+nFAXZEg8jWkkNHyt8Km9qkU00IhHrZjmOlCjYy4HjWfs2kSdqbLmztcwf9vB5nPOhPBo8KOerU985GiyY3DEaGnaCAvxron4zYzvMDi55J2g6IOArKtuWTewB7lUX50c/jQ9CoKKRyKWqYE7NwCn6aoh+NM8FrChYq8KepsXGKzGnYW7UkFlPPpTSLiw2OeCSPLqRrag9PyMRhcJAXbLHylW6caDlV2QcZzbOJ2KodcU4rVbNuBcGt3wlCSCLdUppkDMcNqOaC0myEWpFYYoY97mLuaPMTo7wpJwu5sjvUYEPEcjS1VIySNr0cFPKjYWiIUFnG5vRamkc5rHqCDuN+aVJHC7RxK6iyD8aAbIjhuYrXggFOXOqhVJHJG1xaQNUBFgvVKoje5ANaxxQXHmabUqfNDyNVbW4cPupxrJhcWGV0scEEZlyJXBkMTQpc48BTaeP2u6+x/bkXtvtQjJDu4ZIDs6QXQp9APJtbcfN5/1+ntWojyNoJB15VpjHIlZkCzt3xNLA9JnNFgQTzowBJe5MW7l6rTgAydwB8oOppWnAzpi6xPG/Go1ceVQnKhRwTSkHlCmgF3FBSBQulXCKE408IpJJBWmT2tl+NBPeYKl/G9Ae8xOlqYcQOqcKiqMdz08KDhjiTfiaasKFS9ToNc9xQcKj2VIGyfpNLWkUOdtG5dBolKfrblVNYswHAmtbfDWRp+1bmtaeXGs51Sq0dIQLLT6JpvYUjnd0Za6qnC1V8q4/9p9B9mekI4LrWnTiW8bynOoM7ejVH1D5UBG96C11505CoSVwWnhISVdRaErADYlF40aat7tATE4JZNaqUq4v/JXaxJhTc0JA8KrNS4aiHadRrWDU5bUg8ADfhQHlHCgPBwBoCZrrIgC8RrTCQtIAXU3oJd+1np3EAVUKu7+2A50MfStGbb4bnBgW44giyGpsVKwvdsKXD7kWxw7m79wkcigOOgJrl+nOOrnrwps/LxIHn1nrKfpaPzeCaVO42nOqDM7/AC+q6KIvaNNrAbLwBSovflp6IYOy5mW31sx3pRk+XHAunNxNVOdHsucPHhghe2Nm1gAAaupPGq9U2n96iP7Zqm20DYOPOr/hRiO6ziNjImFWhVvw5VhevLeRnn7bltluWi9/jVyYNexybmQDcSg40SDRrceUxbg0kGnglSx47mOCttZTwFKnqxgOx4snFpXhQmrnGlaWBxYC/UKLFKbNJJjqHSwk7X3DCRYCnIqVTZkURLiWo42O3SlFyqmaIxvJa5Y+WlWr20I57QSHMJPIGpTUZcXkMRHKretLYD2OIaSUB5Aa1n7FTmCN0jL+YKVoQJjIcrltpTFqGUPa8aEEKhIB+FBJC2QMaSQBz0p4NeiETwXSKZAgaF4c6cFTHHiIcXqWngPqKcjxqkURF2g52L+0a7aqFrzq0c0p4md5UbPZvuP90YYJ8eZjUb+4lc5gHi1Cacjpn+xJPLp3s/2jge3mCeST993WQebLcEYwHhE03+Jrbnmfrj+n2t/9NS3LDePU+NaMNpru5IOA+yjSwNL3ljQm69GmDl780KA69LTgKfvt9QvBaV6X6H43cXTEcRzqNP1WuP5zfjxqdPBnpAA8T0pjTdpFBx5Cv30CkTXlQRw1pwUrGqq1adKRwv0oBNpA+NAKC7lxutqCK5qqi0Bw1NeFTVEkI2rxFTTiEPJetTqj9xIv4JT9hCJZDULgXKI4W6UNIoc5yEhdKX9bSA4Ig6XdqVWq6vjGsaXAjAa2iJox8ZLUVKXVLW0/jLE35xfqG6fOtPk4v9qu+driHogppqi+NVbrjHssOFI3nON6AFmyEGviaqQgzpVW9MiMerutLAJYQL0jDdxQgjoRVwq5n71wmyY8vxrSRFfOXc4P2/cJ4f6XEjwNc/UbQLxSkClBwpB5hvRQcbhNFoCWPnyqoDy1xFyvjSJae3XCPucZ0BIpwq7z7ayWiJgBHStYzrdYeQDEFIXmaKcZ/wB4QOk2ujftMgDSRqA0qax+3Pht8qyPccZIi9jBLO68bnatBNYa65VZhh7JXte9pnA37ABu2nlRJGlGxxzzAPKiLT0+K9Twq+U4IhjBkQtAAQqKOqMD95e0Na1ouAS7jRbkEjBZ5er1Y1daws863UGREgMjVIJJI8asSBBkCEXaTuOtOCwVH3iINIa8h7bAc6eUYsMHvkEhbHOGhwupRSeFET0u8Z+LKEa4LpQmyjMWMsaSwkga3p+pWCRKzbsd5E+nktOXAr8iJu1zinEL1pH+qXLa9xaDfiSSEQUauAJd7nKiHgRy51NorwDii/FdanCJI5rXWOtKwWGidzNztqkcelGJxKyRpjCHatxwownpGh7mPd9AuHU8JKC4OA3BzH6KFqsIzZK17iWkjRpThSwaKa5gUsLXvAs0O+kjxqtTV57fL5MxvqhocGo4qov4GnKz68NHixu/cSoER4N6uRG/5Xv75odrpWspYjl7nGwOO740/aFiqzu97QUN+NHtFeijy+/yo7aNaz668nPnQP8AzWVI8AanSovS5wLxxPLI1XE3WjV5jXdpxjtbRKVaPEjQgU9RgstTWqRUZY1xvQcecBuAseo5UDDS1g1P2UCFa1binBUgC62q0PEAWTSlpw1GqbpTlFKADrStI4NFGhwYu1pdLhryEt8qmnIY36utThn7fhUjmEdyGtGrgXKekZFlNLWsjO5rgZHCiNpDsKJPMiKnxp3VtBiWaq6DjTibRZQC9TSdM/ijEAiMrtXEhU61v854cP8AsXy7fgwtEVtLLSc0SGAgLQA824ALYGiGrp1Gl7a1USG3uWq8A+FxW9KgW0nQ1OCIswEsWqgrCe5oN8MgS99KuVnXz171wnQd2MoCNl++s+405Z/aVFZqIQaYK1KKEjWjj8aWEIYGjjanKcecSnSmSXDyHQzskCHbrRCdZ9pe4I5ImAOBIF60lRXRcPuzXQjzBbWpjEfdctk+M95Cuia4tHiKy+341+dxlsmd3oRX84Rr3G1gFtXF5ju5ivydr3wTs8sjTtL+JbytWuqWbXtOOC3RfC68avlOkY4kgD6nuF+mtLr9MJ3UveC5lgQh+FPrycZHLYS4nYvDktZ2NYz+a17pHtP0cgAKqQ4qJsdy7W35LpS/otKcRG+VoKIdx1WiaWh8rGDoy4KHAq0jUfGr5uA7tHuKbDIx5rwkoH8R49K0742eE++fre9tz43w+TzbgoI0rDSFeuXM2uuaegNNJH6RjTct0HGiiKXLfbytQ8BSq4EO8kEtTmT/AIUipDEXOUqEpEZKxrwhKpTsTaauxl/MNCelIo8wtlIIG4M0S1zQKnJj8olJcE2kpcGmSaJoa4s3GwXgB8Fqi05QS1HoQpUakUFRMEbJA8Fvn62JHRLUkrb29+nPE4eTzhrksSKvlPbUMDWSTOVd0gQnVK0rFVZ3cZ4u5ZDFsHWU9OlZ9dWOnjmWIZMyWS54/Gp9qr0iCYukB3FT4VWVWBH4w+POgqfjYo9UcuNBND2+DzAAKbU4Gw7djEBpTVNKvGXS3YxjBex4UYnXpQ4tXwoGxGNTxPCg5DTbkOIoI0vcbL4H8KAkjjcbgcqcJJsfpT1NhfTIAHPnSEhCzrflTgw5jAT0ooxIYuF0pDHAG3Kp5RYUbq4a4DXWkZA29kXhQHi+5HLWs6fJjiTUNJFfnHy6p1ojXlQSOD8hyac60n41ngfh21+FP+Fq4xmlEPELfWkKJkJ5a2pI3w7D/HcIg7bEXG7kKeNb/P8AHnfa+XWcKVIGroamolGCVp0NjSNDMxpFqqBXTMUWFUQKQNaCqLyoIkO61uNk0oIaxpW9BwssRLHEaJegVk+/YqscSLHhVRFcK/kjtf6BkH1MNLtXLnIADePSsVvJQCgX0oCVp2jh40we1SEAvz51JnLu8ptVJICN4ZqutAv4tew52Ri5wbE/yuXy05cTHVux91ldE3cSHJeq9jxefuyrSVLT9a8qm3VyAsiBJ5ICu2zozqoNcnX67OL4B5SbHRNIaWu8hNig1Si1QnEfugCoAwoetqrjpOFxspru5QxNDXE7naabWk0715Xnh70BlNljY/a9hIJAUm3LlWnPUqaymbiwh7mveVYqhEC0erTnpns+FnqeXS9Kq9la6Jm4K4AddOdTS1HNLGwIS0jkSB95qbv8G4FyZYzGu4JyBokrTmxX4uM2Z0jyNzDZu6t+rkZfTqLPCly+3kBhdNAU3M1IrPryjnrWpwe4CeEOiAcCLjitSvYdKSWKgU8FvU3o1dKzaDdTS5phkaTqV6VR38e3bXEhykhF6UINLiGEFB0poqP1Bttx1PKppaRjoT5W+Yt8ytIGlEPUkLo549279QusCv31UKiWRsjfsXe12pOtMitAEhBaNujCSPuoIRvkZMdgVW25+C0iWXaJ54coRscJGuTeouFPWq5T018iNhLyGnc8BruajhWtY/1le+yNi7zKFuWtffqErLv9dnz/ABDFlCynwqViRKCKfsCPksBTTTYshoeOa0kxrvb7AQHm68eFXymtrghm0IOFaMrRj4BtBXXjypMr0Y9gISgSh5GkfSF++lVzoK96IDwpVUeY4ueBw5UGsIonbQAL8aelYnax2mgF6NIkrfKABf8AtrT0IOahDRoSNCnmRRoEtaSOHhQT5yXidam1bwJS9EKvB10+00qIa5wT7Kn2ayI3kbCVv18ahcU2fPtCLrpeqjblTeqPU1+Fa54FWGHKA4DQk3Wp/gq/wyjbm3CghgaSWE8ClK/pdfjrPtIvONCYiiDQ/A11cyY836/rd4vcpWBrHhE5m1HURKsIe7McPqU8zUWDRH/IsIvfpSw9RS5THLTxKvyMhipaqkM7Gma5CKKFrjbXXuDwrOhNK23gL0Bne+xH0nJZeNacorh/8jtb+0mop8uRXJXXwrGtC8P7fZRBDtQuvOgz2op4FKokoBS1vhQV8lLV/wAaDNBa13jQBPbjszWSN+IohV1TsEg9JijUaaVdEaUM3xkaW01pLiHe7Yx7id0RDZBqoOlc315/rf59fxXZ5dHMj7FVYunxFYezeI45CxpeSpKldAT4U9VIrcDvAxu+wSZDg2N5dFxRu8WWpnXlr1z/AMV1LNJiSyBr9u42F7tNbTphYzfdciWSVziEN7kU50uM3n5LoyWooRdxRCae6VZruPeXQh0WOB6x1IuGr/fWvz+U/WX06s8KNsb5pHPmeS5bkqTXResnhzet3aKjhBjQOc5DZnCsr0257xaQyNZA1rv03AAC6isOudo9xcEzUJa1xNi0IbnoTpSLSiaeCf8AcQEta9w3Rf1c0p2L5rRYmTBlMDonI8f7jfzMPVaz65yNJ2bLGS7z/m1S96JfCgssZYPM1ASgNqAhLWNCsPlpmgieyQyA+bbxQ2pMzmRlzUjBBNw7pVQqHaWNlHqFolaSN7eIqacTNfGxzWgAXvxUdOVE/RRrxtyN5eGRtYC9bkgWCLVpLI6Aem5u4vYVQ2CGgC4zFJsJ1F2tsFKLckUJWnbQBNETtaASgvd33U+UdNH3ASjHajtzVUusLpWnX4zjIe8ZHs7rA8ANMmO1X89pSuf6Oz/X/FZj5aJeolbdcrCLMBAHyq9R1D35APGqjPUTpnNcCD8aqHK2ftruDJMcNBuOFVEXltO35QUWTpWkYdRdNnjdGAvmNVIy61GuotSsZzwicBcGpxpKGmbuO0A2utGNOamxYQtZ1otWRNKA2HWjSOdG0DQjqKpKCYNVB86AGe0LdEpwJYGoRbWigYGrzWgnzTuIAXUjVONKrKHG4XT+1qVopryEvU2qkRucvhUNIincjUoXGc7vLYDrWnxnle4qhJeunEe43Cn84UqVtWPca7sart71Ze9TErWNh2gop5VNl1Nvh1r2BjTHEjVUS46V0c/jzvrfLcZeAXBWrbXlpVajFFlPycd1lQU6lHD3p9w4obrflSwHHvBIs5aajG9wEjweNBLXCyGlwW3Cim0OJM0MahseFZ0CTI0ghbCkFP3cMdC4ItrVpCscW/kXC3YkuwblBKVWeExxQt2uINiClc9aPbr2NBx5qqlBpWhTVEnCqQB4UCeHkJba9TlAd4KAkIV40AVg/wDuYkOp+YqoHUPbwDmMTlejQ2ePEXRgDlVUw0kD2yOsWiRpa8jWs/pNjTmqruUbpIGyIkkY2vW5UaVxdzHXxdgGZ7xAVQhFCa0oqRk+/wAnlUWN/wDOpya3+Yr2x7kz+5YsmDkMM2RhtG3I13MJsHdQldHXOM/rJAvdcz02EOcQQb2OvI0mc6ZnLyXTEiNdoFyF0qpDvUUWUJJH7YYnIv1EeYmuvj881z99jMXAfvYdjgSC0LoD8KXsxvVGxYoi3l7Sx5UgkLu60sTaRpCCRoaxjtSSvm05VFHseyWRjnbztaApGoPhRPmr2MGQ7aXMcGqQGoEP20ssP3SwT5cM/rNKgIHN03jUk9aXU/yvjpq8KSDOxv3UT1AHnabkHiErP1x0TpDOyJwawEFHWTWg9BTqwowG5N6DgNyte1xLkRHAc/hRiXt8zHKwq8gIHLYcdKCwj9rnsD2h7AFLrBPjSBZAHyNcxwLOS/308VngXJ5nCRwDdpQaaU0Pb3OmLUAdzJtpS0onie7a0OF2vUEEonKmVXeCIfUawgMaHatBNzz6VUZ9ND3Au/YrYt3AM1VALrV6zjG+/wBA7tc7ARuje1bkIDpWVmx2f61ZiPMAOqJWV4dVg2HN604y65o1mYC3WtIyvLzshQnKmMG9m7y/DyQCfI5NxNOVrONdA7Z7gjkaCHeHjVys+vi0GJ3Hei6ca0lc3fFWsWQwjWqcvXNSuc3xKa0k81E1DbhU1tKMx2NCWtZSD/fWXTaLGIM2qoTQUpAZK4AHlVRIOV3HgtMIhd1MCYA1V14XoIfG1oJ1/CkHy89VXXwqeq0jwcRwqdPC3NkpaeI3oCSqDl1GtTq4CyZHbXGyJzpWtJGa7jJuegOn311fKeFd/iuvurocf9F4riHg8r1l3PDq+dant0ysHMhAmlYRreWo7BjHLy4ovqUhRWkmub7dZHfvafa2Y+MwBpDgNOFa15981o5YkCFDzHGohqLuGEHNNra1cqbGW7jgvY5W2QFUqyVRkfGEJUH50rD0uPlu3BPGlIF5hZLhtJuh4U7C1eQd0DWBaj1OC4+5xu/MnSpw9V3dO5xlhaHfE6VcKuY+8M1j2P8AMoIIFO9eE44p3BoGZI0aLWNaRCqDW/KkNOY7zC+4niaZpY0VAPJxHWmE4ui6DSgHu0XjTIHPuBU6cKmqSdtJdmQJ+Up86JS11/2zA302E8qJQ3mBjjY0oCKrTwuXhNH5fjRp6z2di7JXsIAjlG5o1051x/bhv8elBOjGva4eZUaErJ0xj/cQAY4JoTRnltxTvZLf2uBNKWkPyJbElLCw4Vv3dZfa+WlmibMA+URlv9TgCF8CKJHH30qO69uwDAXzbQSC1oYNn2CqxF6rPR9jxsvHM4XHjhVrWtbdyWVSVHxp+U75THs86PmhBxzsDQwkP4fUeS05p4HPZ5HBj3tkdIAjtyoeoqvdXqlg7CWRh0zizUuYCALm1jSthzgJl9scZHvYQ0ompunhSvSvQJJ2/wBFxDWbnOaE47TzvVe5epYJ3473Nlcu8JuF/kam3Sw/tncf+P7kJY1dhZR2zMOjXG24075n/ppzWplxY0c+IEyG6DrxUWrFpKr3RSMUyXIA8q6L1qoYGby31S9qVplLVufKCLjiaMBWRkO/KRt2OaTqnEUSFSshaHEByAmwS4pnqb0yWgtV5Y5HE8E6Ukmxs9RrSFVbuAU+B5UtFg3FDxA2J42OBKgp99OVNXcAj2BjrN0IN/gUSqlZ3yvJS3/jnlrvKCoT8NauIsZ33TifvuwxJd0D1abohFKTw2/17/yc5LZYnlrgVFHivTkTRSusN110qLFemjWZD2hedLWV48pP3LiBrVTyJ8zHTuJ405G/HMaTsHcZAWtctiD9tUu8eG87dnbkClSauVw/X5eGjxMsEbSb/Gqlef8ATgcyYOFyQvGrxyWYmZIqFdOFT1y05o2GSwThqtZWNpRJm8nIDlSh6ZJLqAVowg0kjNoBN6rAY16FVployBwAC8aQHRyWH9lpDHzHwrNsRzRzXjRQadLip0Bp3IOfSotXyrstyA3ueCUSeWsqhyWFzzXZxfBdXTWYihXWPEiq92KSLGLSovUddt+IvcFhZG21gLCs2trpP8b4RlzonOCnia24jg/2On0F22H0oBZOXPSq6rjFOAuhNSegMmBpa4HzHWnorP8AccYKgGvKricZ3J7aS5Gkgm6ItXLATG7WGm4V3KlQsYcKRoUCkRuSZYmlNaSpWezvcU2KV1HE8qz6pqbM95B7UW/2UTuHjEe4vcsb2kbif7cKnbSxh5nulkMpFnceNI4bZUFxzoKw5oIPShSZruA1pgRFwXjTLTnW0pXTB5BKrwoGvdqlaM+JdA4XovgnavbL2mKMgcNaIcb/ALbdgXSmqURK1WpyoJR98xnnFe6Jm+ZqbWi32mp+vO8r+dysr3EepF+4Y1VBEgGu5v8AdXFXZzWJ75GDivleoKEoSFpTy1lWPYAWYGA1m0tkYHSOKgtBU/fW1/Y5/r1+j8uSSzjEjT9DyPqPTrWksc18nZXbpZY45Jdoe36GPG8FfGjafPNAftZoS5zWtuSJIyhYW0/df/XqLuffe1YmM2NS+QhHMBUdKV71t8/hWeye+5z/APaaI2nRPMlT5rf/AK4q5M/Km3PfkFzGjzFx23+KUXhU4kBnOyTLuE45AKK09PH4zvMOPd8qCT9VJGuGgKmnPnKi8wyDPw9pYYyX7lG8KVPBaXXz6iLBBkGVE6HZ5HBBtcGgVE2VlfDXdpfNN2vGEpR+P5Hncu4CwVKjqr5DdyhbscLBrkaQDpdaJ1GkoOaIR4+0XeF3FdadPULGF2zejdn1NOnzog1MxrD9ABc8EeXUAclpp6K17SFA4AxOHE8aKUiTcNzHtN2f7oJS2l6RnMYk72N+nagFx14a1I0fCwOna8gloAaGN56VSLVvCl3PG9bbXDRKNRiwbOHdombYOBXy2FzV8VPQeSH18F0DiEIBDibU4r5dZWG7t2gNkO2+0+Q0V7fM3nyAjwUFxxp+Gkh7sfa3jc0ZDwx0cjnNAJQU5hWSD8bCe4DcPlVyOe95fC57fhvjcCB5VU+CUXlU+jUdt3NLUUUpF9eY0OLlOBCkpVSPO+3HhYwZBcjbIKvXmfSLCGQJ91LpHIuN5IXQLpWVb8pPXaAhKVKyOlGnyq06jVStx0oBdyEHXpQBEUxIThxFKwQU2VwAU24UjfONgKytaw1UuKnTRly0BBI0lSqgcKMXyr8uMkEgUZ5UqjAr0A2pwCVtKYj0w1qVqjDGNaqjnpWNb8xa4Ld5ZGDcuQBLUQ67N/GOE05VtI03dHV0cfjzPvfLtMQAY0DlxqemBxKA86VGBpQXBD40Q1bNj7juPwq5QDf29riqDxqiwsfb2Ao4AJoUo0HSsijjPEimVZvvWUxjXIPFUowtcq94d/gxo5HOP08B0rPrnfAlcyzvd0krnCJU/Kppz4VXtFdHlzzvL5HErwOlPrmQ50KCbba1kbzdKVBd7ib0YcSNcSUoAqIkgVSU7gOVMwWU0/CpoCROEczSLEGy9Ep38Fdi9m5gfjxnpapOOm9tlHpt1VOVUBxVb6UGhmh9WJzQLuCC6X50/wCGxeRijZlQfnjO4g6EnX4Vyd85XTxWK9ywt/bSqPM0XaR5U5hKz9XRzU3Yg2fA7fM0FjBGGmMCx28fjV9Ob6fo3N7nj4UIM/nluWxuuADoaXsv5/PWeyfcPc8tHNfsi0axgUUuZ1XROJA7xlyq5jMmZ4HnUbGj5mtvU/EoSTsuS8eo9scQGm95cb9Giicr9ohm7NC8l0mU95YB5WENBNaSeEWg3YWDEW7ImuAKu3q4+FLaE0j5RG3bjgvOrg0AbeQQA1VRQBiyS5pe4NaCpbfSle8K2HHHZG58jgX7rset/lWd71AR5mgLZdvkB0sVFXMrPuNf7WzoZ2PhDHbnAuQ/SumtZdco5orOhAcY3M3McAAQgR3JBrUSNYpJmO9dxs9rArgFW1UqInem96P3I4BwGiUwkbuL3MO1vpoWEqDTOpomtbE5w8wLlB5HmPCkSSLcWbQ4PJcRIRoR1ohHsZ5y5pa2NpAdLxHRKfqkVASGOe56A+VwJ16jiDSIZj5CnYGuDWiwPH5VN/Ri0x5mvxJ2AecMA234+Nacs+0sEwDyAQQAAOKVSef1Xd4xA0FzRYqfnTr6H5zZFEccCTaluNPG3qezB3KOHWmnrxHmdvIeia6GjHJ9O1tg9uWyKK15ji7+jQYHZySobarxM+q0Z258YCBOdqnqOvj6bEojRpabHhUs/pNE4bwSEOlN5v25W8FFc/IxigKmtZ1vCC27zEcUpYevFzdBpTD3qBL6aUGQnW+nKmDmkxhSfuoTBDMjytUUYb58c9ErnsbmEkm9LA84DRaFw3aOXiaktDzxAqF1WqioDZiDeUVOVa83BaZPAjSlqL9MVyEMTi63O9Z+zWRf+3cV7skSOBQXAPSq5rLvrHaf4gYX48srgpdK7zHiAbV1c/jzPp1tdbZ9IPSopEc00lVBJax1oKoPTUpZaZEdE1o1TpVEFysmOJpNEGYzfde9MjDlKAVcKud+7fduPjwPc+QNaAbmlU44R7o9yzd2ynbSRAD5Vstb8fP+sPp9f4poitVR87o/FcLKeOlYdx0xYt6Vz0zhSVDXa0zPY8ikBcDl1qoXqLGlBBspllpU4rZGoQSFv8qcDpv8f5W/FjbxHBeqVAx1ntTgY23vyqji4e4ABDZNaZohIhWxTSgrWf7o2MdwcB5WyXe46L0rL6x0cMZ3/FdLG5gapJIB0t8K55W8/Vf2TOYzt+x9/wBsCwhNCqr0tTk2M/rPITC7dm997o+eeMx9rgBAkN3TSHRrP9NXxxzWs69eWgOA+NrTFE2JxG0LYJ4Ct9he4DuUGLFGDLkebafKHEKRwNTcL/sUmP3Ht5CTRuDgu1HbhU6V7v8AAs/d8Tc4RRA32guGp1QUtF7qpn70kzmSRptIBCIlPyXvQ0/d2jU/6rHRaM6p7UcU75o1DlatiePTnUdTKaQO9QhG7nBVtYfOiA2SNkznRlpBHTUeAtVTwVmn9gzn4Ocy/wD2u4tLm8zwQpV9f5YtV3BznAzBxaPTJhcRoOLU61j/AFpL4VsrYZmiRPSvqdAUuLdaatwKwOLnsQuLgXBOhF15U+T9nov1Zbt3EtTaShCW/CnRqfDgAYE3gIS5ioLa0jtNiibEZJI7MkZYNOrgeIqRT53zRY4RqvcQ6QIjQirfnTR+kEzXOj9N/kl+oAgj4rpU+ypMWWNOWzNYfocoDii0ex3yP7bM6SPKcTc2/wDKEFVzdZdRJiSESkm6XQa1cTeRef3Ls/7luFPkNiyXRiQRyAtBaeTtFrTNel/rf7vPMyhT2YPesT2vDj5XBwI+w0srun+587/Rcft+djTvFVGf0+0v4jb2wtk0UjhVuD69Lbt/bQdoAIJNacuHv6Nr2ntfkG5tVUzofL2pqE6DrWddHy6sU+bgFuoSlmN/fQOOEkIVE+FOXXH9YuMUKANBSrmwc1gHU86zrSRHILrwoWi3H48aYeabhflQEvmAO0KaQpFJbfRUt0oI4O+IFM3A3PC6ryWue1vCKCLUqKQkEipBzQAhRSBxpGimshTpVQSGtAT6b86qqsQyxhCDcnnU9HyWHFYUv1qcVavu3MZHHI5LtYUrXlh06/8Aw5CB2KOQfnJKfGurn8cPf66ewFPhUGR5HPWgg723K04Kgc9rKeEAze4MYFUWp4GS717hbG1wLwSRqtUVrkPvL+SIMXdGyT1JCqMBuvwp8y38R11I5F3nv+d3XIMuQ87V8sYNhW/PGObv67+K3U1oy/U0YqK6PnBeOAt1+FZdurlZxjyCuW/qoeGkrSVTSPtppp4pHBOOCqDWnAPY0onGqCPIjJbyooVkzEKHnUFWq9hZZjmfGTpoKKHZuyZCxtTxpw40UTi9vTrVzwZCXDwo0KzvGOrGZDBufEbNOl6jpfF8sxmRhksqtLn63Gijpwrls8ujWcgiIx5i9FLngBgB4dacnhHV8p482bH7fAyMkMZH5j9P3VG4uTVDne4s5zpJBKGbhtap0Tjxqp2VUHcu4Q5MASSTInDvIgKX1061eCTTWYHcnwt/SMZAvvICfCpzyePT9rmG0iVwLghLUIHW1OeBYSTtscu71S6V4AIkJDf86e2JwMezwtJfsa4jkf7Xpf8AbWidmMkgcwCJAPIVVOZSlugpx1+o+YkpttSOVI1jwSxy7T9J0T40z07Hxnvd5T6Zj+hAoceK0eWdxdzPezt8c7yXyfSQ48NaClUUrfVm+pxj4tCBriTTOkkYxrxKZduzyemFKdKYn4kdK1UjLg83LkCAHgKdOJYo974hG8uDB5getIzvUyXzOEbgyNlnOsQvwWhNoHPyfWnVs7nMjRpAu0niVo6HJGSukjcoBa4IDwta1Z1qtGuH7eN7bBgADtL0JWXb5NuO/bqSAfjrVc1HSZkhbJ5vpAseK1pKiqT+SofU7RgdyjH6mO/0ZH2VHgkfaK6Ph5cv18eWFwe/ZmMXytlPqNA2rdL3TlW9+UY8/Z1/2z7gkc2PFzJPVY9oLZCVILha/KovOOr4/wCzjRiNJbj8daUmOnv6bF52Xt73yNLrCr1x2t72/trWxhBZOKGotOCZsJiHlU6156Z3vOOACUoxvOmV8wnIITmacifouMVw2tOpN0uaVcn9WETl5bToahrCvDSSRfrSAd23+wpmYUS1utApWuKXN6RQoRKoyb7HgOlOBwMh+vCuaxtKVoII8KnBpwHzowHo5AtLFIZACUOlORUpA5wCagcaqw/00hpeFNTYf4niCeFJNqw3bcGZ3MJV8srXcP4rhEXt/FCEEsDiPGuuTw4bfLoO5QorNWGuX6k1pyFQmTMACTTwlH3HuIYoBANzZaqQMb3z3C6Jql6A62SnSch98+8ctsUrYTtehQk8FqJbbh9TI5FPNJNK6SRxc9xVzjqa7eeZI8/vq2kY0GnafHOpmxg2qNdE+epWRO4CovTbnjBePCRrxrLvoxzLCsKqJWigzXAC/OgngeA0pGKgABBFXANYSaYLIFaiXoCryGncvjU0v0f7YyPS7mB/WKVN2r27KJGMPSq5gbXBYHRhdadpwT6NgKkIcrEDsaRtrtsTzoE/WJ7tjO3tLmqrCiK1dvErXP3PLo5rNzxxshlBOyR4JY3chuOdTp2JnY7H9vxgXkhrAH6EBOFR15Vx4V0vasSKAzFjJGqbEarwqfw/0Njdl/eXj/RjgIBDUBTgxvNaqS08EZHasFoLnh7t3E+YuTVRZOVa88ieAjoMYwyGBgHmVh0RoqjVc8Ecm9zGtjkPxXwHCnhYBYfO5s5c4GwUAEfKs1YlkhkDGa7yfK0/0+NPEaZJI1gDHBu5fKOtPIVpItjgHB3qMk0BCFpHQ0YJUn7sQP2FtmDc5/BDZKVMYMoXe+MOJafSZc+XmnOjEWRTyMhc6Rkh9OZxWNq8dR4VWHaZG97oipJe56S6bm87mjC5qXc6Jpa5XAHyvJB1pWrO9d7xIGAo252jXbz6UpTD53cHMxGxwkRumP6jowLjhcVciPULAwemWaR6lQoXqam3y1kEY0jwNv5WuUEhKjo6sPU/T2AlTdTzpQhuLLsgQkXKk00dDmTRuUKHAIVGvxq+UWeHszEg7l2zM7fKuyaMlpTR7btI+Irf5dZWX15lmVxmSN0Ujo32c0lp+Br0Zdjx7zlyug9nyGsMNyfI1F8K5pXXHT/a/d8LInixMqVrZpCBC99mud/STRY2ndzHUu19sbEjXNDXABRU1TSY8Yay2hqaZ+QGoouKUiuWX715tw6mqjbli8hwZkkG4pW+Vd+YOxJ2kgaaDpR05M8reGSwFZ2tYV0t0A/zpBDuPGmZNwU2UDhzoTqNzkK06b24ciKZvB4RaYcVki2qSQKy6hexpiboLDUUsHsQR8ynKkudFLDxK1Pqv3DywDcTfwp+qp2aYEHTrf7KKqdEZE5StTh3pPGwqOmlKxNozJO3txshcU+VVGVdw/jmX/4THLTbaPkldk/HDb5buN4IVajGmke5yXJTkqUfgqp7hkhjXAn5U4lj+75zg4lVAVG1cJhu8erOC96kcBdKXUOOT++VEZI+mwTxNHzn/KI+t8MLqa7HAnjbWdrq+fI3Gg3O0tWPfWOqTBrYWgaIaxvRn7OlLU4exammkaCtBmv5UAjCAb3oAqBwPCqgWDNKNL2K4qF1WmFblWuUAGgqaJDe2y+n3CF7bI5CaDdp9rZAMbEC21piN/gynaDyS1AlHiUNCmgySyKL6UQmY9y4gaHuBa1RuiLipIGqD41l9Of624rC9wdhvYdgu1wUtCoguCK59aW4MjUxxhrfTYW7o2tPLgadg4qJmLLPI5paSHFW8h8KiTV3wmmxxj4paAzeHbivjob1tzPBarXlskjpgC1Ttu5Wm2gFWcoOcQCIek8AAkPUjU0lW4psp0rGq8IG/mbqVo3A87CLommMhxKArrU4LcCynLEpidEGmIDaQULgetNCGUglrT5QAr3Jud8DzpiwgkhOP6xds4tc4Ekjrpegp/g3IyIZYWMe0SB7rFSAVOlqIMejzDDE15kaWxvcxzSdGusGhTTsxIXJkxxMX+VzwCAHAgnkbcqn9VYEbOXxPeB9B3FwUG9V6iTEgyTM5onc4RAWAF6MO06HIaA76mhjXFqEq5TxS1LCRuB8mgjAS/PVKGnJuMG7NgUvcSrVIJHQU+jvSWGZytaGuUlCHBErPrlQ+N7CHNUqCt71CaKZK7aBcdRTTRkUzDGOY52WtJEU6TMMEL3cUUGtOOcT1Ncr7h58t7/6nEp4mvR+d8PL/wBnn/m1eBLvkBWzfK0ctorG/ql43IeI2oSoII6Jy60Ua6j/AB9/KYxzF2zv8u/EKNxs1w/UjU6OPFtTW/PcdnEsYjaWvD2OarJGlWuB0INTV4Gmy2kbVpyGoO6yBDxsdKMaxjM0j1yaLFdCMQlegpVjfK3gk8uqVnVQ8u4X1pGRzkpkY88RT0YbdbG514UjeDkIso405S0vAoLXp6NcYdKhsbG1KszVSlYDS/gijnUYW14FvHSqxfs8jHG+iWqcT7V4xtVRTxc7KI7m3hR6q/7EgY5oXgbeFF58F7pssNkwgwAkc6Uib06j7C7k7H7TjQkojQL11TMc/X66JidziewK4aWqFJZs+PbqLDjRhVn+45W/c1pAq8DP5MTXEucd3WqmBQdyhiLHJYBdKnqhxz3/AIs0kgjhaqOUpxFLjqSl1NjGjsubr6ZStb9oxn+ue3tmUw3jPWpv1jefPB0MRYLhKw6uriRAQedQZQAmtAObzCUA88CvyoBjkK3oBGhATrQE0CqEpwLGJwIuaeIkPcVBpqV2VobipqoEiftma4C4INCa6x7QzkjjUoqEig46T23LBYDqaeFiyOUEv86eKKyYO0uBxowIe9dvZmYQkc3d+3O8hLpxFqmzVTrHNe8YbY52hh/Rl1aLJxVx1rj6mV0TymwW+Y7iSNN35QOhpxKxb6cMRLASbroSnStJIUtVmZkAPDg1ojIsSPzdVp39aSK3fDtc8gkNK2CNWnqpKpc2GaWI/tljBd+qGgKmuvCpO0yFkGyTzl7GAeoHlR4ttdKabRbfKwsABOoQ2vpRggN7ZPWf6wu4ANNjccQnSiTyLn8VUkF3CUB7ypY42XoKdhaGmkeI2Ipjedj9xW46UsKI3y4u4OGz03EAtAuCNaMo9goPbsUuc9+5z3F7PKVHhretOZei9gk+W5yvc1xO0OY9UKcjVc8i1F+5VocC7UbxchEqvQjm5m8gmQsIsAONTeMHkWyRQGtP5VLbqfHhWVjWRMN0jg8owcSTqfCpXPBrpFmG5pJYVbIigHwHCnPxCUIBua8EgruI/vqb+r1PC++42J4ArUUrRkv+02RNu0omq9aMqafHM0NO8oOf+VWmqvvWa7Y5gJDUshWtePNZsiGGXJa08Sp+F679yPO+nnpo+zFx1sSbcFBuTxrKK6XJeRIWonLwp2JeyZHtgTiWkbVQhaWCt/8AxD/K8jXs9sd3lWBx29uyXFCxwP8AtuX8p4VGN/n1n663JmEPc0lHN1bVNef1X5+SHMKn8aFsvO7dMmvWg7fA/DFhe5qLWa6xsVxjVFrO1Sf9meRU8KDRz4cjNQdo+dMgzo3g/SUoMx7XdSBpQTwWgPXDkC7TrQbirjuCOFk0oZGE6CgEN16UAoNkoBu7hwGtPCOB5acKVhxM1zgiCqhVKC8jXhpTTp6O2+a45/4UvVWiYczOga0RzPYBZrQUtVVA2P3F3pgAZmSBOCgn7ajVSDYvefuEENdkbmgXJA0p+xWCcf3pmFyzuLh+ZBVzosGO90Y0rFc4ij2GKruHd/UicIyp/vqeqTNTdvOTIZJAq6LQMNPZ4UQN0oOIn9kicvk1F0FGHqF3YYSgDUTpRg0LP7cjN9t6MPQOR7cdq0EJSwaDl7PPH5mhSBxpYNCPimYEe0g8aWBCCvCgzgFvzpBPAitCU4Q2ElEB+VUEjhQFdlNX8q31pGr3uIcvFt0pwOj+zZy+JjtepqacdQ7TIS0c/wCkVYXACkKbc6oCcdnI8eVKhaY7CB461BOe+9u1xdq7tHPK3bgZgPpvF0eLleVYfTltx0qcaQeuSqNdZhsAanmK0dNjCEtmjCOLVjJVV4r0q7MOM/nPY8TRyNLmkLv/AC66DrUavQOPNGYJWNjc1psxxHlDTb6v6jRDvQOOF37huOTtbEN0rSSdxGmupoh/+UT2RtLGOb6YLnHfvA+O0cqaKbGciIGKNwfe29d7geK1R6iM7XRNjfK4Picbu1B4X40SptVGXHux3TS7mzAlWE32rrZadg0I7Kxo4Y2sI/UckiDQOve9PmCgy3GjYPSBdC5xLzIL7hyS9VbpUAXMkMj3ycwwczzrWTCxGZmGIsduJ1H/AFcF6VU58gOSWuLSb8RV4nfKWI3BJ8ON6jppzR0MhBGweV5W5vWHU/y2/iw9MiJV85PEAgVhvktNDrgNaj01JRaeEkLgPIAAoV3lpYCk7AHaKEAd/hSwC8aTfE5pIVNTT5ieqr58oqWhyWOl1q5yWqzuE7SxBqAL8a3+XPlj1VZECZl6IvJa6b+OPv8AdaPtDdjg0flQqE5ceNRJ/QuXhZVFy4hFFG6kPnEBpa4I48NdPGnCrOPM7Zw5jjua5paighF5hKirnTvXsH3c/vPY2RZMu7uOKAxz3G8jALO8RoaI3+V1ey5rtpDiv2UN6qo5fUnJ4KlKp/i/7ZESQQfnWdTGpxYPJ99ZrFjGsoHVaekimxrBBw1paFfPjlOtUYCVpaSCfCjSROQC3zolBKYcTLhx14U4zNJVRQCAFABSM8MdrxoI4RO4gDwqi08RAGnC1NHGgooShu3wpA4FuigDrT0FtTNG54BtUlTQ4qQOetKnC+of8aQp7S9FVOlXCP3PTWmZ28ucA0+JoI7c61APEpb5bKdaCSNew/UNaAcWsKIlBGnFgcVApmgl7XG648dKSdAZHYo3/lX7KWHKpsv2/c7W6fGlYeqjI7XkQus1U4gVOHKHYHB4BaRdE5UexjoSAOfSqJKQutAA5QVUqaFZMUaSeAsarkNt7HkLg1vEEWpKjr3Z43+m1RyvVCNCyLT7qehYYsBCW0qbSWUMVkI61GhH3Xs+J3Xt8uDkhGSA7JWjzxu4OatF/Djj/fPb/ePa2Sx3cIhP29hBZnN+h7ToHcGvrG+Gv6NyHskhb6Je6PIYrg1CNoCo135RVlzWW7i85GKxuL+rJG4+mRZpAHIAH41FbmxTzXhfG1kj2BxiDw5oXRdCtVUh8yCeGNksiM2qE3NuupKddKRyqjMDZZo3ZMY9MXja1xIIdZF8akrTY54RLLC2U473MKbgUDeTSeJ4VRaTIhikhO17YZIyB5iiloUfE0bT1Qy5+QYvTled7WkFli53w1StJzqdAv7mkrzI3a1zEYCjvMBqUFaz5xFoF08qsR29fO8Hn/lV+sP2qJxKkhCpUdDVCkDVNynPrRp+r3ouuSEbz1+6j2T6eTwwEgEgLyWlrTFjCxjSBucx3/mHxNc/V1pynD2xuc8n1AE161Gas+Ha5xAu4Arybx+dKkma5u9rtyPcu7w4VFJG95V24hwFwUpyAwZAa6xKnnVTlATKldHIHEgh1z41rxzqbVXkTF5Jrp45xz/To3Fjc8oAvmBPwp91z/xoe2Boc1rm/Ul3W4cFvURC7c3zB6IUtTEVvcpwhduRw0WlQoBlsExcGguBW/Ep4UepxqvZ/eHYPcosiJwYVAkiJ1BGgpRU7sux1D/lIcqEywvuSjmuCEHlS65dM+ui+2sMjufWpkyC3y13ascDaulRTlafEaE5msIuDo2+X8KNFRysGmtuFqfJK7KjZcHh86001NkNH4haWYcCEBacFMDluONNLjWwIqKlXjK0giVylNvAUqJTxEF+6g0rWNS4Pxpp04MHCp0jiQDqFHKqBN7Rp86DK6Q6KFNAIFRTrwXSjDKHf2NLTRoQaE0rbHSg4VoPGgVIFHhypkfbR1vCgHB7QNDT8kc1wNwDTgeCnW/KgHoDagPbi08hQSSN6jx40FamabUCHeUjTxB/CqkBj8Zj1CW5UuoVoHJ7U1w0151OHKp8vsjLkNQrwqOopUy4b4X2aoqlEDXJelvkgOS1VAN/nRQrJoySQdONEpNn/H8ZdKSChBvSPXbexQOMbFv/AJU9ONTBhjaCRRaY6LHREt1qQNZAQ34XNSJDhGNClGnhkmEzIgdDJC2eFwIfFI0OYR1BtTkGuee++2e3+x4ERx5f2jsiQRsxGyB0TBxKE/phaqceE+3lz7NRjnOTYcXzbCQB5rWrHrw6Oetiq7gYYwZmxNMsoDHSkKAddRao2qirzu4F0EjHx+aQBsrgjdjRYOQ1UFsiiZ39mG8YrZT+mdm2TzNDXG5DkrWfK3yzvUqHI7sP3DS4vAiVjgXteCeGwBSKP+opQGZ32WbzR7o5VQMQOZt+N1rXn5f5HsBmmmyCZSA1z0AQfCxq5JB+ohG7ejgQRd3NOdVonJ7nG7gLKg4WpLeZAqWu76eqUr0c5SSQtaSjwWkoOP21M6Vh3okrFohUnQX6Uvb+n6pDG5jwGhjQ3iQqrS9thWCo9zo3bmtdJZQOArK/q5E0bGNXY4gp/tka1NppmsbEwu5iwW/WpJF65MZRqO4pwA0o9fJBZ5VJutq155K0OyTe3dxFaWYy6pk8gMaFpc88TwHSnzPJK57Xbw1LnSumVy9/onH8jWuBurb6fm61nf0l5hnczeDu0uOeiUM7FzIgZG86FtmrxqpAoe6ueqgeXif8FFHUCkc4blLTusSoI4f9VEgwX27IayQNRAEKbXBSg6ml1FTY2/YfcT8fKEZyQWOADYngFotwU0FLjQx+9+5drzhBksglid5onbdm5p0uDrRedO/S63/t/wDkH21lMY3ImGFIbeckxk/9XCsuvnWnP1brAy4MmH1MWaLJZ/VA8PH/APNYXjG/PWiW5JFnfBajP/C5DZMoKVN0olLAeROC0pxq4MVM7txLR8BTgCOf1oBvxTlTDkRja26HqlaViRoIPQ/CkEga1bhfn+FIPeYKOHCltI07i1acgeaCim9Mi7P6hbhRDeVXAFQNAaYhQ0E0aZVKc6k0bipoI5oBNBHJTkGltxp4CgAdaMPD0qiOYLgX8eFIkrQQAvGgtP6E+FMGv5UgRmmqCmLDzKAUPHSgSFbK0uB1SjQmjeDemVh7nKL3FAiJ8THBD8Kz6itVOdgAqWjgVpYeqeXFcDYHxqfUKzJge1xKUxVVOPOQbGkWNX/Hr/8AvHMTiq0aW6777eaPTaeCD7qpca2GNYxp0FRaZnde79m7NHu7pltxiRubGhdI4f6WNvTkpbGT7h/NXtTFhL4MPLyUUNkl2YzCRy3ku+yqnKOu3PO7/wD6Z706eWHtmJh4TG2MjlkkH/mIavwq/Txpe7nHuT+UffvfckY8vdsmT9y4MZjxuLGFzigADNop8c7+p66W/e3Hs/Zsbtj5TNPE0HLkc4uLpHHc67l8KOvA/WZwv5D7rghmPksZ3PtsZ8mNOrCLraRnm+BWnz8pVd9Xnykf7/7PNE5/7PIw8kbvTET2SxkP4I8MITnR1/qf4qJ/uf8AhJl+3s/J7fDnQTA9vyohM+QvJL0UHcDxaiJXPevS+Z5dvHU7ivb7eLdqhzhYucGq0DxFH/fa1nMRTdtjimepSBytic36j8BT5+mwesDRl0Zc4mMqRuaRdqKEvpWl/wAEUwwuLQwlwaCbaCp9rDkRei/eoJ3IhUqTVe0P1kJIgcPIo0U/4U4KeE9QtBDIzYnmRypCWpm7RG9rXNc3TaB5j14VF/RKVFDQSLG9uHCks9A+R20nbYjRKX5AJbCQ7yjc91ieJrPdMW2JkDNz0c8XtdEFABmb1BudtPFKMSgfObIAAKuclQMkqhxvueSh++t5E3yYx4HlXXlTsZdRDM5wkKm3BOVXzPCNwrWOcx06KQjW+Ka0W/xl3+imxua5oALi3yuPm1B6VErNaYwLXNIuoI2m/HnVpq2keP2DXahvEa3q4lS9xAcy48pC+ZPxWptGqF8QbIQQCOZb0PI05VYaxg3Ahv8A/LjwXnTtKjcXIkGUjWCUBoVr/KLN6mpsP9i47h3HIfh4wYP27oXtc0k7/KWogRVvpT5TPD2L3jvGMFDoRIqtZLEr3A+ADfnRbh2LjB95dzxCMiaJmPLoJIR6ZXrsNSrWq7d/NfuONGukbktA0kb6hI+JDqV5lHvV5h/zx29yfvsAleOM9CE1Vr6zvzjSfVedu/lX2R3QtZF3E4szvpjymGME9HaVPrjWfRdesJWepFI2WM/mjIcPmKVlX7So9x3FLJ8anTx7h0PFaNGOTEhyofGtKx0gAXlSCQImt6MBAB8eFPCLwp4Me/slAx47Rpxogw1Lr+X7aAUHaqUj00rSwaQFKAUEU4VeJ1v4Uw8thzphIptQNKX6HlQDmPCJegsPY9DY28KVGJCSQq26UTQQuAHHXxqgbuIUnTlQEb3uW+nFv40GY2Q7h40iFxTX6UyxN6jSL6Ug842tpSsCJ6uBAQrzpmgfhsN0+FLBoLI7c0qUVeFGHqozezMc7c1nmRKmwxftTFGJ3JSUJF2i5+IFTOR6yO4+3u44jWs9WZsVhZxThVWInSm97fyzNirh9kyhjxAESZMbQ7Ie7T9MuURgc9q1U+c/SvThXe+4z5mQcjKyMiaYu808s8jnqTxJKU74TuqHJ7tmGUwumdOxpWMzq4ka/UVcOiGteZpWRAzIY6YyxRbpHlDjuaJCT460YUdD9ne2m9sgPeu4NB7i8OGLjOBLIi7i3U7ko2QZVL7uzHpIZXHe4ku+o+HGspLauVhJ3Eqvxrq5jH7XwHrRyOjfxv3mWXtuT2qR4TFPrYqgEhshSRoXgt64f9v5/wBel/o97/xafuMAj9N8H6IKulhJRwOiu5g1wTrxrv65y4yfd4QYBI8MMu7bHM0kADVUHKtPnTqsyJPOW5EYUDcSdXk8q1kv8T6hcieCOT9JvmbYtICJ4itOeb/R+IDJM++1BwQVWSK5p8TwUB3B4KggLal1D1K6EgEhpO4/S6yHnUTo8Px4nEOChki3fYg0u+oOUgY1u9xBQW2kWSp3VWYKw2SEtZAxdHEgLra6VPWp1bPwnwxPfuHqjUkIEHKlZg9vILIc5rI2uDfN5n7QL0tPVbNKwuc1oRo0HhWk5AeSZroWgtUuFuXOrnPlFsCtehG5x8th4VrYmxE5W+b5VURfCLzSSBou5xQDxq/yOfrpZywtY2HHFw1wLiEOhvpespfOsurp0oWZbhVsW7jqvOjmFozFcQeITTX8b/hVlVmHb8ct5BW1X4mqzIBIJKInO/2VNhKOQAOKHVNE6jmDRFyoy0K0uFrAKDxHU1WivRCP9xFc7S2+g59DTv5Rp+SWtgLWOeGuY0kEm5Fr2FqOE9CMcytjEkcs0bXAHyvc5U6BqUWqmJxNkNfu9Vsmitkb6bwT/SSNpPUilbE3Tn5v7hzDK97iLgsG2UAf1/1DwpDye31pXBkZ9QNCxybVsdVpKkkEY8UB8rpGl7V3Iw28eVLPI1fdm7xmYD92PmvtoGOO0/hVZKPat92z353MQtObjieIXEriI3p42Bo/6o0n1rT4Hfu1Zz2iOb05SF2SWUdCLGsuvk15+rm5J0qEvBFFAh9ipF6ZmguPQ8RVEfQbygBTr/bhQHg5vMUAh5UgY6x0NInrj71oBNTrrSMu1acKvIVAsfCqBwahUUjeJvU7Umk1WmexDTCRjiOFjbSgJGNOvS5oBzh5bUEgduW9BmuVF4aUA0gi4tQD404GgConABT9tMjZJOtjQCMeS7pSCYGy0EY5wPCgQ0NgdZ0TH9HXoMQyURDysaAB9LAG/aL0exeqHN7nkuiMcZMcZ1aNT4mp9x/1sR7kfnXcx7g3ktupNKd+T9WVfkPduEpcjW+Zb6/1cwTW/qztgGV254sVdw1U9K15iOum29pe3nYvo5U7XDOyDsx2AgBrTxK8anqlGx77mxduxmQsPqyRDYGk3Ui7jrWfVVK5d36aeScySOV7nFUQp0BCGl8v1SilPCurlzfWoqpguPaXdXds9wYmUHIzd6cvVj7GsvtN5rf/AFus7js07n4yyJ+4xZ9o3ICQD/UOVeP1Mj3+pL5Zj3F2AwsdNhndG4EuZ9SKF05U+fCGQnbIXem5xD2Eu8ytJDg1Dyrq5ASUM3OeVEir0WtZoyfqXFM7j5XAoPKHcajvCwU3HL9riwGRpDnW2r4c6yveNJFnkQNERYEZEfMjjqSNL1hOrowxmE6KAzKgGrb6/Cq9tPMBywyzStijBVxUj+k8Ph41rx4K1b9r7cWbklMkhJ3IPKBU9VEE9zjLGNYwjclwCqk1FHhWSvLnq5w/TYQdui8vGnhqwhrdx+pzzr0rWVN6D5LmtaGt46GtOIgG4oK2gtNcdw5mnGVuje0YqOOS8gEWjbqepSp76/jn6TBhfPNuc50bWOchFgVCGyc6hOFd5UbwBNgWAfdVRImIbG2CA/U3VV42qv6Q0P8A0gdU49KqlVdlANeSCRxvSv4FVk2cSqDQAm5Q9QedKGgYQ0jRPKfy6jwBqqaRpjdJEgc7Ylhe3yoGC5P272saIQHEBgBXQgp9oo5pBY37om7gAWtS7HEI3UqDRYD9xIADk3LeNyjc4aFjuAGtAIjZF3M18zQxwa4Lb6HeHCkB2PDmTkNCSyEgN3MRxTgDG5aRtFh9i7y6JrMljMPG1cXz7d3i1N9FiaP9SHFiEMWSw+mSAI4xsHVu83NPcEDS9zztYM8SZH1KYo3/AGA2+FHscLHl92lIkzYcqZoufRIexeBABbKz7acg1em1c7cridvhRQ81xJINjwNIztAuppkVEF6ozXGgGqRQDkQD7KVBqrUm8AvGgFQhxTSqkKkLjw14CngPavOgQ4ACo5UTbr00o9iMcb6UB5qCy1UCUO0PAUwmjCsW9+NAPceKW5UEHdcmgGcUNAIEJvQE8LUUhDwSmT0hI0+VARkqU+ykaZu1o68BQRXHS1+IoDwCdaAcEHD40AtyCOVR0aCTaToKham7zhiVhulrdEooc77jjSQZLjcAFd3ELx8DXX8+tjn65yrb212tkRPccpoVgDoGH7ytHfaJztbj2vBM5+R3vJJ3NHo4kb9Av1OSp/fIvjwq+9ZbHB5dJcOXyqp+RqabCdyyGyyki7CVDiVJ5mtPnziulbLpW8cv0RVTErSQ4EagqKVPm+XW/aXf3Z/b4cd8gGQwBrXORC4WBK15H3nr0+h+V9uV93DElBM+Pue9iNlx3E7SfzIetZ05Wa717Shl3ZTN0AAJfEQqO5A3q+PpZ+NebKyObgtghBNi7RTet+O7aX05n4n7DitnkQ6jQLqPhR9kc3ItMiExzCKNicCT/ea5a1n5ooY7i9ZGOAY0O3BCLdDUUjH9vy52Na7e2J7lfIeA5U53g/R+R22GBrBAdgeQ1vFzuZPIVc+ifUzDL2428L5nERGwW9IXkk8Z9Z8rgAyNiNbzPEmqiLGdzJInzOjiBaxfy2CjUmtOf8jcDudtaAgPBaqRmhniDIybqb1fPW1P9V7jW8LqkhifLK2Nv1PKCqZNVBFDE0AkhrLgNuoTwtXPf1l1QOA31W5M6EAuLWlyFW6gK7xp9F7PZTwHNePOHblBdqVA4itIg6BSNrvq4NKA+NkB+FUVEQvJj2k0+SC5YunBNad/CVeQAXFLf9K6kLwI5VnFBwXgi6cCFdqb1RmgHeHB35dyhfxNO/gFM/cPhEjdz2tDCqE6HhelCDNY9krxdQ5AA7aUN9CtjV2lBeNgZeW5IIzKdHEtHlLipdvbU6a3h7dg4cf/AH8z5nlUgx1cAdAHSH5WqOvBCv8AnMrHjdDhY/7aMqI2xxq53C7z5lWl7LwKZcuVzjIXOsdxfGAPLYXcedL2CeKF7WMUoUvtKH5NaaZUnrujPkJA6Ncb+NOXCL/yOQiB7g7RQHh5B5W4Uex42Rul0qG8KehT4LU2GW6KbnnSwFAHOmT1UDSvJRzqbDhQNLWNEgeItQDQPnSN5tzRhFcDdONqqFTENqKDmk8k6UhD+ulCi3PhTI1HXso50AiAa60ipwsOlATREUwlJCUwiMd9aAR7Dr91Bx5jQul6CqdoDG3CmgkUgULx6UKRNa4knlQCh53IeFwtQZzXKV4reqhVOESlaWI3uQlL0SjDd5LACVPOp6qpDHBwchqTJLCJGFENkQiqJQ5XtuLJnEktmMKrx+dOFQ8mG6bLGO0bMdiAuujiSgbbnVXyysaju8gwsGDEa70WRs85vuLiLoAFStImMH3WVyvJHpsf/q3E8zcA1HXkRlstzjI4G5XXjW/H4fYaX6RWnLn+v4hq3OUa0CNb7MywzLZEXBqHcBxJHWvP/wBnjfL2/wDW7/446jBkF7Glwa7fpICQpGm7rXFPFdUQsMOVFkPcwb/pe0XBP9SFL1QzGA9x4+LFmOEW57hcgt2oRwQKK0+Vra9byk9twMmy/VcCI2kbS0fOn2wsaV/a2OimlBd+44AgWb1HOsbFcoRFBBCxzX3ezdM52vl/KKPC8TPLHxRweo0MCPcSEN+CUugKcS9j3sA3OaWtNlaDYVMoByY8cBhxy8H0gAVC3OpFWi0J3SR8jPSgG1qHdK4ank0VSGdyWNZGRGArjYnieJP91XzdTQha6MB7nKSNErT9SHm3OiXQ3N6vnxRQLjW8ZdVZ+2sbflyTnSBtidNzqXdYdLnMkfDg5MpBUNKJYeawrOfqaE7XC+LtDXIGGQl6bgCbgKeNPtISR0gJjdcq/wApL+f+sJVRKTGJCDaLXLeHwA1+FaQJmlHiyA+IooNyR8uIoSq8oAgbtBppzTjas4oG3gDdoIIP9jV0yuftDdpUADnzpSGLxpSGtaJVTaA0gjU9Fpf0rHojjtmjklZ6ztpVqK0lpIvV6Syk7jlSNbGxrooWqHRxlsbNrQOV9ay6OQMYzu8zUDbuBlsrGr//AKNI08EbRI0tEanaQWPebi5060gPgxQxvqSNBTRBdf8AxFTegjcl7iA1o8v5vp0+LhQAjWue+zfhtItz8pohrLFw4wQ5xIKE3Lxc8gTVQmtcLdKit3iltoog0qoU40xp90SkeETh8qYMcGk6W60iKC5UFBw7XhQDHGxHCpBG2qgeEv8AhTIm0LSp4UKbKaBj2i0gcCoCUwci60QGOYpp2DDU4cKQw+NycKBiQSLTCQC+iJU6MOLQaekaAkgFtNRTgOJO4CgGOYSaDNdHYLaloNe1AE06UrhlbGRrU+wSmwFLdEhmpXQ1NqvUnphN33UtPCBCaNHqc1dyrYVXsm4mfGJIy0caPYqZiYDBOxxaDFCdxB0JGmlac1nVV7glfudIFLnGwQuVeGulXrOxz/uUgklc2R+9HWa3gBoDu5nlRycU0xWQgaA1vz+J68h5TYCtOXP9aiqmJ8YV1KtPnPI3AyJMbIZK3VhWsu5LHb8OrzXT/bveWTRlm57mOIdw8oThXk982dPTi7bG5k718oyCPTdZCRxNL2Vvhmfer8h72scRueEQDRoFyoFafO+V8czAHtT0oFe6RgkXyhC53yFX9L5R0v25EzViI3h5LnFrSHL1WueW39OAQxrcky5COAPliLvK0HiQKeRXskjyw8KwMeXuIYSSoTQaUrRIuO1wPePTa1glJUuSwHO9RIXVNyu2Rwy75D6qXZI9deYArTmIl1T92mlfGYwPOF/VNgLcBVlkZbLe1jWRl3mGp5nnWvETUX+5Y35Gn+IoPIUIxSQNfGtuCBPTeWg24VtPxhf3Gt7Bish7SyZ4J9Vxe5oCk8BasPp15ZdfpPckjRhCBji6R7gXAgEGMFQ1fGnzUSoJZpI+3xGT02x7RuYxziWncLHaNfjTsAB08RBduYCdyAPcdXao6qhYnx7ITxHCy315Vekmeliui/GlpGy+ZgQpVQK3JDi0oCgU2561n/TA/mRLdU5rxFWZC3c0hApaCvxo0J4GRmQtc4MYQ06XseopCpH40YkaQQ5gcoXy2celG+CFxwN2lWsLnBFO5+p3HpWeqFx4z3vVGtJ12taLm/FaXkDceFkTg1318AjnfJLVWEWQl7lGjbOUNAHipK/KkAskIlftW/BAw/eKdhjMbCijTc1rnDkB+AowtHxRhzhwaApXglBL5yoOVRXQ8dqCiB4JuFMJB01oMhW660A12lKlSffQIUKhSgzSiBEX7KQNaq8V6UwcFXrTI4aVNOPcadMt060g8N24IvwoI8Lf8aIC2SqBj9qGgGBU++kEjNOiWoCZugVVqQlvttpTIxu2g3vzdaCPCWVEulIGTbLLypAnktSrQ927gi8agIH+qvThSur5w39XkKjyrwR3rpYBOhpl4J+pxFJfg9i8NapncEs3W5pQm4It6Z0T8y8615ZdKTun7fedxaGoFKA/elXEVzfvO39270f9u+0n6V+7wrTlMU1lrdCCX6q05c31/TKbNNFt+NR06PliZ6WSojp7xqvZv7793H6YBYh1PCuH/Yz/APXd8tzy3h3+rGWgbU0JOwn/AElFHwFc8xfKk91GQxDe0NZxCkv2p4C1Xz+ujlQdu3+n+iu5fy/Vrwqu0X9ayD91+2H7ncOR1+dYz8AWZf3LN3+z+bZy61N0zu0/tf3UvoL6e6/qJ9lUXWtK39v/AOjvS29E3f5VCJ+PZ2zf+gun5v8AGtImMp3hN5S70Kb7BV6VcNi8z1f3J9RVX4V1cZgo3H2+kVRU+PwrDph0q8hfUdrXTx+HPwK5FKVrGXWa3Pbdv7DFT6fTC8hb++ubv9Y9/qp9w/uPX8u9NrfSITRfNYW+dXwzSZJzP+Lb6rXFvrDRxB+s6oDWiFfF6v7e4kEii5LD5d99UpRZMfduKknzXKdT/wCGnf0qMKLGvVflQRGp6bvVXagRKqCgMpL8WKFW1utR1+iBiMP1G3cltyAa8ONM/KF2zczZ9KcdUWmaXDEPqBC3aoXcAuvitHQo6PZvOzaiFfDd1vSCxZ6PVfzblqAk4DYHG9iwp9mtATNDPOXlq23BCvwMh/CmHjtTyhwjWybiPhtQUA6EN3jaX7uBId/elOmni9P1Ov5kShIuH6T6QAN0KknrtTjSD//Z');
INSERT INTO photo (id, caption, custid, picas64) VALUES ('photo1', 'Caption: At the beach', 'cust2',  '/9j/4AAQSkZJRgABAQAAAQABAAD//gA7Q1JFQVRPUjogZ2QtanBlZyB2MS4wICh1c2luZyBJSkcg SlBFRyB2NjIpLCBxdWFsaXR5ID0gODAK/9sAQwAGBAUGBQQGBgUGBwcGCAoQCgoJCQoUDg8MEBcU GBgXFBYWGh0lHxobIxwWFiAsICMmJykqKRkfLTAtKDAlKCko/9sAQwEHBwcKCAoTCgoTKBoWGigo KCgoKCgoKCgoKCgoKCgoKCgoKCgoKCgoKCgoKCgoKCgoKCgoKCgoKCgoKCgoKCgo/8AAEQgB9AGP AwEiAAIRAQMRAf/EAB8AAAEFAQEBAQEBAAAAAAAAAAABAgMEBQYHCAkKC//EALUQAAIBAwMCBAMF BQQEAAABfQECAwAEEQUSITFBBhNRYQcicRQygZGhCCNCscEVUtHwJDNicoIJChYXGBkaJSYnKCkq NDU2Nzg5OkNERUZHSElKU1RVVldYWVpjZGVmZ2hpanN0dXZ3eHl6g4SFhoeIiYqSk5SVlpeYmZqi o6Slpqeoqaqys7S1tre4ubrCw8TFxsfIycrS09TV1tfY2drh4uPk5ebn6Onq8fLz9PX29/j5+v/E AB8BAAMBAQEBAQEBAQEAAAAAAAABAgMEBQYHCAkKC//EALURAAIBAgQEAwQHBQQEAAECdwABAgMR BAUhMQYSQVEHYXETIjKBCBRCkaGxwQkjM1LwFWJy0QoWJDThJfEXGBkaJicoKSo1Njc4OTpDREVG R0hJSlNUVVZXWFlaY2RlZmdoaWpzdHV2d3h5eoKDhIWGh4iJipKTlJWWl5iZmqKjpKWmp6ipqrKz tLW2t7i5usLDxMXGx8jJytLT1NXW19jZ2uLj5OXm5+jp6vLz9PX29/j5+v/aAAwDAQACEQMRAD8A 4JIanWOpglO2+gr3rHlkQWl21JtpdvFAiPb6Ube9S7aCtMCHFG2pStAXNAyPbSbcVMFoKUCIsUuM VIF9qXFAyLbRtqXbRtoERbaMVLt9qNtAyLHpQFqUjjigLQBHtpNtS7aXb+dAEWKQrzUu32oxQBFi gCpNtLjnpQBFilxUgHqKXb+VICPtzUoYGMIw6Um2lK80DABWPTtUTJyamxxSFTQBBtpcVKVo20AR baNvvUu2jbQBFtqaO2d+dpxSqAGGauwzc88ChgiFNNmcjC8VrXWkiOyXYuZPar+murKBnitaG38w 56rWUpNGsYXOHOlTiIuUOKomMgkY5r1A2QZdpHFUp9Et8HMYyaFVXUbpPoedlKaV4rpNQ0SX7QfJ X5PWsaa2eNsMCOeK0TTMmmikVoC81eSzlcgKpJPSrlppEsjMJF2qvU+lNtCsYuKTFauoWYtzheQR ms4rQDRHikxUuPWjbQIhxRipSDSYxRYCfbzS7al20baYiHbS44qXFG2gCILxS7al20uM0AQ7aAvp UpWjbQBHtH50bal28UbaAIttAXFS4o2/jQBFtpduTUm2l28UAQ7aNtS7aNtAEO2gLUu2l20ARbc0 u386k20oU0AQlcmjbz0qbbSY6UAQ7eaAtTbaAtAyPbRjFS7aUJuOByT2FAEe2pIraSU7YkZz6KM1 1Oh+HVcLLfA89I/8a66ztIoU2xRqiD0FcFbHwg+WOp6FHASmuaWh5j/ZF8eRaTf98GoZbC5iyZIJ VA7lTXrpiUAEjOPaopEBHIyKwWZPrE2eXx6M8gKe1Jt45r0vUdHs7xDujAfP3l4NcZqujzWTnaDJ F/eA6fWumljqc9Hoc1XBVIarUxtopdoxUm3NLtzXacRCFpwXFSbaVUoAuWMjAqoziuu0udSgUHp1 rjreKR/9WCa6zRrB1jBJ61jUSsbU730NyJ1I4H40S4IpdoVAAKiWJiTzxXOdBG8YbjGaoXGjxTEb l4BzW9HCABmn+WMc0c9tgcbnPrZqDtjjA29DUk1qVtXQABiM1sNsjqDcjMd1VzNk8qOEuLGeZmTr j2rFuITHIVPau91m6S3jfy1G6uXkt2u8uRgAce9dEJX1ZzzjbRGME9KaVrT+wsAQetMltTFHlgau 5FmZ22gpmrdvEGkAPSrjwxbML96i4JXKgWjbUm2jFMkjxmjb7VJtpdtAEe2jFSbc0YoAj20mKl24 o296AIyKcRTsUuKAI8UYqTFAWgCPFLin4pcUAR4pMVIV4oK0AR7aNtSbaULQBFtpdtSYo20AR7aT bUu2grQBFil2+tP20uKAI8V0fhnSxIftMwHH3Af51hwx75FX1NdvY5eGNIfkwMA4rz8fX9nFQjuz 0cBQU5c76GzBEsajpwKsQ7eozisoyyIwV5l3f7vNXLV9xOSxHvxXiqSPYadjVBjQElc+lVptrkKF wajafAwQ3yjtVJ7th8y5Iz6VUpolRY6dfLk2n14+lVLyASpzgqasl/MO4kcVUmmILZBxWd0ijidZ sfs0xljH7tj8w9PpVDbXXX0QkSQON6kZ49a5XbgsvJKnHNezl9dyXs5HkY6iovnRHtzT1U8cUoFO GR0NemeebOmtEkQL4Wty2vVVflBxXJW5+YFzxWnHfIi4zWMoXNYzsdDHfK7bR1rQhcGucsruFRuZ uTWmb6NU3KRWUo9DWM+5sblAqhfXgiHHNUTqSnjPNUbq53sM96UaeuoSnpoWGvC5LZwtVZ9RWPOD zVe5JZcDCgVkTFAWIbLCtlBGTkx19etPLnnFPguisezbzWeck5oGQeDWlkZ8xrWULSS5duvvV29t UdMcVgxTPEcqeae15KxyWOalxdxqSsOkgWAZHJqizMTmppJXfqetR4q0iWx+KNtSbaNtMkjxS7ak 20BaAI8UYqTbS7aAIttAFS4oC0AR7aMVLijbQBERSYqXbRt5oAjxRipQtG2gCPFJipcUbaAI8UAc VJtpQtAEWKXFSbaXFAERWkxUu2jbQBFtoxxUm2l20DGxHY249hXV6JexSxoGKg46VyjtDHGxuJRE n94+tYya/DHO0Np5jHJJavBzN/vV6HtZdZUvVnqN9dwQc+YAvc8DFVYte0qEqbu+MIOR1/WuS06W e/WVCTICvOOa4q4eOW4eNvmYMV59q83m1PRa0PaG8UeHYhj7e0jE/wAIJq3JqtjPbD7Gu9O7Aciv BrLVNO02VpDayz4POOmfzrsND8U2epTBbZPKmHJjIxuH0qpSdtjONr2bPQwwcnYMKOvvUF7KU+6o AHU0WswSLBGCVyMjp+FNeRN5z8wx1zUNpGlrjEZCQTjpkn61iX9qlxdSNYK0h43hOccCtsyxptDI CxGECjj8a5HxJ4mMAntNHVU2tvlZB8znHJ/z2rpo4h0JKa1MKlBV1ysVkKsQwwR1HpSAVFpl6+pW EV1Kd0jZUt64OM1Z219HRqe1gp9zwK1P2U3DsR9KMVJtoxWpkIjlTxVj7SdmATVcjmlxSHcmjuWR wepqVr7J3belU8UEUWQXYsk8jk5Y81CRmpMUmKBEZFJtqUrSYoAjxRinlaMe1AEeKTGKkxQBQBNt o25qXbRtpiIttLjipCvNGKAI9tG2pdtG2gCLbS7cVJtoxQBGF70uKfil20ARFaNpqUrRtoAi20u2 pMUu2gCLbRtFSbfWl20gItvPNG3NS7eKQLTAjxS4qTbRtpAR7eKTFS7aNtAEWKMe1S7aNtAzM1m3 E9kyscKpDE+wrhJbmeXdLploq24yPNkyN/PYV6ayB1KsPlYEH6Vi6Nokl9MLePbBYxZG9jlio64F eLmULVFLuevl75oOK6HU/CK1kHh68v7qMCV8kZ5GBwP61geJvh9fXF7Je6Opmicl2iXAZSeuK9I0 KKC18PvbW5VYVHQnkjtTptVGmWXnywF4E5cofmVfXHcCvPstD0bO1jyvSPDV9aSCG40WZ3J5LKAP ++jwK7L/AIQOyMCTT2awSZBV4zyD/vZ/+tXQ/wBr2d5Gk9tLvQ4bFGo6ysqJGo2ge9L3Undj5W9k Zn2QWy4wCqjgZz/OsuczMxYycdlqzd3cjOADle/NZzTEhsH2rlnK70NoqxD5dxcyPhsKiZ46n/PN ZnhO/VtXkRYIpXuG27yg3Be4z6Vu6K7pfjbjc3Qf0ret9NGnWoFlaQPfv8rShANh9WPt1q4RbJ0R yX2CPTUW0hz5ceduevJz/Wm7avX5El3KQcgNgH1AqvjFfWYePJSjHyPmcRLnqyl5kJXHakxVvywU 5/CmGMBa2uY2K4FGKk20gFAiPHNKVp+2jFAEe31oxUuKTbQBERSYqXbSbaAIiKMcU9sKuTXN6jrl 5bTv5MUPlqcc/MTWVWtGkveLhTc9joCMDJ4FIAD05qvoGtLqkLKI1jcfeXOc/StHUbOO0UTw7sP2 B6VzfXV2N/q3mSBaNtTBaNld1zkIttG3FS7aNtK4EW2gLUu2lAp3HYi2+1G2pdtG2lcCLb6Uu2pd tG3ii4EO3mjbU22jbQBFso2+1S7fypdtO4EJWjbUu2jbzSuBFt4zSBamK8UbaYEW2jbUwWjb+NIC HbRtqbbSbaAIttBWpdtG38qAIttU4r5LO2uvMYJtymc9q0lTd0xiuV8a27wuiKw23IVgR0OeM/oa 8vNFeEWj1MslyykmF34quIrUtbTxyRkfLtPJ9j6VQ8Lav4k8Q6kbFSPLkIDuB8sSdySf8muXaHyX 2mRQxI2p1PtxXoPhzU7zRrFYtL0K8uSfmklaMqGbvxjpXkKKW56alOWxT1ey1DwPqa27ytLp0pzD NjAPsfQ1vabe/a4vMB4NQav4jbVbKWz1nRL1XIzt8osB7g44NUPCcUsVo4LuIw5EYYYOO2azqxW6 NKcnszqGdfKzgA461T2Hbz0Jp5O7Cg9akfCqA3XrWFjVjI5YbKRJ7qNpYQRuQHFaM+vJd+Ylipjj 2gHB7HtXM+MJzFBAFP3uTjt6VN4FtrnVhqBtkEnlMmRnHUH/AAr0cDGLqpS2OHFzkqT5dzQ20hWt KbS7yH/W28g98ZrPvpY7KB5rpvLjTklq+k5lueA0xhBFIVrKj8U6M5IN6qnOPmUitW2nguk328qS L6qc1MasJ/C7jcJLdCbeaNvrU22k21dyCDbzS7am20baLgQ7aTbU+zjik2/nQBBtpCKnK0x8IhY8 ADJNAji/HGufYlFpbn98Rkn0rhU1KZd3muTntWgUbXPEUzyNiLeST6DPFTa5ZaeFMdoqCRBkMuck +/rXh1qvtKjZ6VOHLAsaBObeaOdJSFyMivUDItxabC24HDAV4tbz5tkUZBB7V6Tod4PsFvzljHg/ gai5SOpC0oWpttG2vfPLIStG0VNt70beKAIdtKFqXbQFpDItvNGypttATtQIi20baseWRTdtA7EO 3NBWpttG2gCHbRtqbbRtpgQ7aXYT0FTBfarkCIF3OKTdhpXMwoaNtXLhF3lkIwah2UXBqxDtzS7a m20baYiHbSFanK8Um2kBDtrP17UrLSdOeW8kAZxtRAeWNa2z0BP0FeM/EDWotR18RbWENtlMHufp XPiavJDR6m1GHNLVaHoep6iLTweWjiFxPMirGzH5Ywep9yKxoNT/ALV067Z3Ej28QSNj9e1eeR6j euoit7qURvmPyw2Rg9RXT6IxMs1pEg2xwqQcctg85/OvHrz5o2R6FDSV2S6aLi01HzdMgM943QmP ey+pFdZZS+NZl5jkiQ9GkTH8qfoEltp0ZXOZz8ztnqfSutsfE8Cja+OnPNciae7PRUbLQzLGwvnX /iYmSQnqTwPyqlfKbad42GBnK/StvUfEceCdwx25ri9Q1Y3M7FTn0Oazklsir9zWimIYH0p8txvO O9c+L8RqS5IrPudXZwQhIH160kh81zpmtBqiXUedxChU5/iHI/pWz8E9M1myu76ae1eOwlbyyX4y y55Hc4JIrG8HuyWKuyZeViRnvngV7zpdsINOt4mxuVADj17104XWTZz4nSKFSJZVPGCDg1zutWtt ewT2OpWccsLjDAjqPWupEYQMQeSc5pksYOGKg+tegmcbR4trXwp0G/3Pp5uLOUdg25PyNbmk+BTp 9ksVk8W1Ryeck+9eleUn9xfyoWNF6KB9KqE/Zu8UZygpbnBHwpcKmWkXPoBmqsnhu+AJRUcf7Jr0 kp6VEyheTgfWtVipkPDwPL5tJvYjhraT8BmqrwPHw6Mv1GK9ZYxjgkZH41Ebe2uFO6OORR6jNaLF 90ZvDLozyjZTStej3/hqyuSzoGic/wB3oTXJapod1Yhnkj3RL1deg+tbQrwkZSoyiYhWs3xFIbfR L2UdViOK2StYfjIY8NX3+5/WtJu0WzKK1R5box8rS7iYj5nbGaz2mcXkRxlGbbmr8DBdDIXruJNZ Flvn1GJBkhW3e1fP26nqX6FiPEMj467jgGuv0CfFpFuOMbhXFzyfOW9WJrWsL4rbKqEKAOab2Etz 3LbmgrUoWl25r6E8sh20ban2jFG3igCHbShcipdvNLtFFwIdvtTkG09Oak20Y6etIYO25cHGRUe2 pSv5Um2gd7kW2k21Nto20xEO2l21LtpGwqktwAMk0AM246U8OduO1C4ZQR0IyKbK4jCls8nbxSGh CtJtqbb6UbaYiHbRt4qYijbQBFt4pAKm2+1MmYRRO7dAM0m7ajSvocx4rurlBarpzy5aQiUI20Y9 Seo5pE0TQvFMVx/Z7W1tqRkWSaGXBZmXqQTzg96zdT1OGRbtwx/cqW/XiuLgimeeOSBn8+ZsrtJB z1rwqtVzqOTR6VOCjFJHdeIvCWlaLZyXNsAJQC0kZI6+3tn8q4GPXI7KWWTT4Ve6Rwp3L8rLzwfU 81c1PxDNe6eY7udIZ4yGeJ25Yjg4+pwa5K2F1LcrDYRl5nk3jHY/Ws7cz0Hex3EGpWNzKC1x9luG wHt5TtKn0B71dltJAQDKwHrVHRPBj39+bjW5BJM4yY0PCj3NaCFxqN3D5gaygVQuQMhs9AfTAFKe GcVzHRTr30kQNwPnZ2Puaga5C/cAq6212XdhkflXFZupQ+V/qzn6VyXOq3UrXF0zg85IqojNJNtU kljgY9aiJJbBOBV7Q7fzNTiXGQh3n0qrJK4JtnqXgjTmutWsLY8omCcf3VHP+fevclA24xwK8++F enbbWa/dNrSN5S59ByT+ePyr0IjAHNdWFhywv3OfETvO3YTb36AUoI9Qaa+NtMVMgq3TArqOceSG OAu6mMh3ZU4HpUgBUcfd/lTiQKBFcnHWmOElUq4yD1Bqw3zcY601oh1BwaAOR13RgolmtLq5tnkG DJG54/A8VY0C+lixa3kok7JJjBP1rfniWSNo5BlWGCDXFatB5EktvvZG/hYdvQ1S1IldO53HfBrl viPcm28MXCjjziEznpzmrnhHWBrGkCSQgXMTGKZR2cf48H8a5z4wlxoduV/1fmHd9ccVnJ2TZW55 Ze+NE0q2QXA85wdg4xx+FdFdTaT4l8EXM1sk0swjb5uF2OBnGK8S1/UAkrJPEJQG4zxiul+H/jCK wn+yzof7MvB5UwbnDdiPTrUKc3GzegrRTvYxdNxIJbZmALcrmrAsBpFvJJM6NdTDYiqc4FN1myFj q9zbq3Ech8uQdGU8g/lWZc3GH3OxkcDAJrNu6sFrO5Uu22yso7cVNFMq2zAnBOKrkGV8nkk1K0QV QvcdaGxpH03t5o21Lt9qNte/c8yxFtpcVJto20XCxFtpcVLtpQvNFwsRFaTbUpX0o2+1FwsRY5pd tSbaXbRcLEWKTbT5XSKNpJCAqjJNVvDF8urahdgRsbeLG0n+tZzqxha5cKbnsJG2yB5JDwCx5+tR alIi2UgZwrOpC5qvqWp2pt76JiiLudAM4OfTFR6bqdtrGnumowwWl1FHtXnk4HWsp4lW93c1jQd9 TWiQrDHn+6Kju5Y8QRhcyCXLH0GDxXMQ6ykc0aSXaq/AClqvXk6wSKHk3EOM455NYSxbcbLc0jQS d3sdE0bIQGUgkZ5pu2mWE5urZXYMOwDdcVZ213QlzRTOWUbNpEO3FG3mpdtJgDqcCquTYjxXK/EH Wjo+lDywDLKQqg56d66We/srfia6iVugXdk+9cH8VNcW8todI02LzZIP30s5UFdpHGD+PWuTE1ko OKepvRptyuznNW1CwTTI1icbrltzkcnA/wDr1n2wvL3UIF8Pxz3N1GAVWOMsT2OQO1WPhv4Ku/GH iIW1wHgsrbJuZQOVHZR7k/419TeG/DWkeHLT7Po9pHbo2N7D7zkd2PU15kYX1O08F1j4bmWK0uta U2dyyb5YUILH2J6D9alg0OysrIwwQKiHrkcn3J65r0zx5YfbNWD73QogA29D9a4qOMSbnkOVVyqk 8BgO9dtOmktCJMr2UDWenTGSVmyv38c49Koy6ZnTA+AjTtvwBzz/AJFad4/mPBZ7JB57bc7cAKOW /T+dXr54mdIgyjahOM/hTqJPQI6Hldje/wCk3VnLz5UhZcdgavTjdHgEsD0rmdYD2niS4lXIAK7s elbcEwdSmSDgMK8apGzuejSldWM2dGScf3Sa6jwnYPPJI0S7pJCI1/z+VZE0IlAHGRz71678K9Mh SeOK5aMOsReIOer+uO+KlLnaiXflvI7CLVI9A0i3sbRFnmhjCs2cLu7/AF5o8JeMJNZv5bC7tRFO oLJIn3WA65HY8isiXwvrEZmWTyrgyyZHlvjy07DB/X61d8L6XcafrkazwCIBG6nJPHrXpcrVrbHC 2nqztn3gdjk9KXeR2Jyeg7U4nlRUcb/KMcljmrIJQ2M88+lIWHfk+lRzgGI7zjHNMhdp1BQYGOTQ BKxJHy4B96cNxGc4pUiC9OTSPIsQO84oAjnG2Prkk4rkvGiCMQT4GT8hrppAbxiCCsWDg9Mn1rzr WkudO0+LTbqaS58tyRNIfmIycCi/LqxSV9Cv4BvTbeNtSss/u7u3W4Uf7Snaf0xTvjNfLHZ2cLH5 dxkYeoFYGWtr5L22JS5VTGJB1APUVj+PHeXRGuLqSR5NvDNzkk4xXPKomuVDjFx3PF/EJJmZz0Y7 h7UumQs2jvKB8qTYJ9MirHiCL/iXxueu7FXNCtZR4MvZxGzIblACPoaafuE9QtWn1CFVZw9wh2Kv 8TAdKqXMMiuySKQwOCCOhqtGZ7a6E0K4dSGGfWuz8PWtreaffXGoO6XN1t8gryFYH5vzqJK2o1qc pHDLGAxTjtzUsZD/ACqN8hr0lPAlrJaNcXN3ceeQNkYAC57A1iaxpdjoCM8lx9svmwpjSLCKPrSs 3uVtsfREuiuFJRwfas+a0lhGXUgetb63lB/fA5XIr1lUktzkdOL2OaC0bBW41nDuLEde1QXNqoHy DmtVUTM3TaMxYx3oKc4FXls2I6gVatLH5wXwfahzSBQbMbZSba6ObT4jhnG0e1UNT0oT2cy2srxu VO11xwaSqpj9kzirrxXpsGp/2eHZroNtK7SAPxrda6s40UzTFGZchSOa4+fw0tpdmS7k3PNGH3tj Oe/NbLhHkie7KfPCFVu1c/tpN72NfZRRDrV09xDJBGF24yTjtVPQZtQ0e3MNsdsb4kZwvz/j7YrZ aW205FM+7bNGBnbnkcY/WpYg7/ZzFEriSIIQWAII6fpUStJqUmVFWukjKvLG3XVp5ls0mK/Ozu2c 7hnvSSabJA9xc24iTYv3dvVTz/Kr3iCVbSaNluLVGkQRyB/buKNTM8lpbSWUu6KSNVdlwQR6ipXI tWN8z2Oa1bw/DqUUs0REcsBBGFAyBg81HqVpLpdxJC37xXwoPTBPQ59q6HVdL+zqtxv+V22yLvPP HHFaanTtf0W4tJRGbtYds6kYYY6EH8OtZSSbsWir4UtfJ0lQA3Dtk+Zv5+vpWxt4rM+GttZR6XcJ YmbyC+797JvP510lxFEIyV+WQHGPrXbQqLkSZzVKbu2ZpWs6W9tdxS8T9ycowbrn2x1rZKYODWXr sKCxmd06DOSOn0rSqm46MinpLU4eJotN12O6020RrCPO6GY7i3rgn37muSt7O78a+MksrS3+ziaT 5gM/uY1+9n1GP1rqIpHvdSisrKJpZ5W2qo/z0r2bwL4Os/DNu8iIr6hPzNORz67V9BXkQTm9dj0H ZbFvwdpFjoelJY6enI5kkb78rd2Y+tdAFAFVIbdILl2jz8+Tz6k1ZBaunRbEmN4o0hNRsJWiDC6C EIUbbn2NcX/ZUVqwQQhCnGCORXpEpbcmAPvVy3iNXivWYR5VwGyPyrSEmlYTR5b4qtrm81+0t4na OBUzKVOCwz0+nFc7BbhfEj/u2KEeWpxxx3rvLuNmvLi5Cn5V2YPauU1We/tNWtpEgtzaoT5Mi5zz 681m4q95A2+hlavpCXniq7j25RgqOB2yozWPquk32iTRRXKSGNAVWYKdrrng5+nau+0ixMOo75CT I67izdz3zXaWrpJGY5FTb0wwyKzlQ51qaRqcrPFvDtnd6nqkMNlDLcsW5CKTge57V9CeFvDCWPlz Xu17hRlUByE+p7mrOiWuyAJBEsMJOSEXaCfwrauJEtrGVl42oeaiGGjF3epo6zasjkNWun/tJ5IZ XDhuCD0Ga6axuWums3lwZ1DK5A9hXE3jMt6Qis7EYGOea6XQLmaS78uWIxyJHv2npk/rXVKOhgmd BeyGKJ3/ALqE1Us5yZsBvlVeR6VaucT2zA9HjPf2rPtlG1Ej4eTG45z9aS2DqXdjXhKkkRdCR39q t2wWOMRKAAnGKSICOLHRVFPVlzuHcUgHk+lRCIMxLjPNP3jsDTQwDNkn8qQA4wvy9ua85+JcphuL Y7SUbcWA716OcEda4H4rvaQ6BDPPvFwJUjh2clix6Y/X8KmWwmcS6+XEpJyOo4rF+JMzf8I3a2kK ZeR1GAPxq7pd1BO91Zef58tthmbPAJ/h/CrPinw82sy28aziAD+M9F4rFRaWhTdzynxfoE+naBGZ mVm3bjg5xxmpPDWv/wBn6DBaqIvLGWcMM5Jr1iz+HmkCyWC7vDeHHIZzz+VWrb4Z+G9gMdvHjphs t/WmqbtYl76Hids9lMfmdQ7NnLfrittp47eCy+zBSsDl8AcnvXea18K9L1G/a4W8+xxgACK2hAA/ PvUEPgrTtDtt0DXd1KwPzOvQdfwpezYXOQvPF1xwTI4UvuPy9PSsmfWkuHeVleRmPJx1rojbT69q AtIbf7Lp8eXklkUngewovtDnae1stJgRvMRnIZCGUA8E/WjlC57kpIGau21wAuDxWaXDAbeKVA3Y 16jVzBOxoyyA5x0qNXyvNViGwNxxTlYL15NLlC5ZDAjGeadEzITnNV9ykdcGjziB1qbDuW95l4kP y9qz9Q1Gw0tQb6+ht1bgCRwuaVpiBnNeT/EHSF17xP5DysfkXAGfkqZvkjcFqd9e2sWu21tNaujW yr8jdd3PapleziSIXccifwooGeQfWuB1fWLzw1a2OnWFwbaCG3MbSYDHcRwxq1oHjTRNOkh+2639 tvZdq7VgLgH0yeOtcvOmbbHV3+oWUcym8/ewNkLH12nvnA/SqEt4qTNc6Zp91KgAO4xnHXovSsO7 +JemHV1httMc75grySsAFOcEhR+deha7HHHaZjvZLVNu7KABfWpSv1G2eX+MWur/AFiK6s9G1CKR 1KsCu/jseOlO8LzNYsy31tdOY3JSOU+WinHX1/CuE1bxhrU2pSBdYupbRZSFZG2hlB44FWdH0q9u pDqE99KzA744pSSSM9/wqZT6CSu7o7HxDNHqF4rSauLaASLKbcBdzkDtjPPWt+3to10ia8smlZ44 iypLwXHfJrhNG8KTy6rG8U9qTH+9ALg78c7ce9dB4o8aaTHpsumWyPJcMpjmCoV8vHQZNOK7oLmr 8Ob+2m1We1t5vsxnUusO/MbOCM4zyDXdXTSpJGkq/MrZIBzivlXS7i8s7lZYp3WRG3pt6g9jXWx+ NPE0ZtPtN88kRIYkgFmGeQTWtKbjo9iJtPY+hIolkyeMg1n69aPe6ddWlpGZLiWJkUD1PArQ0uQ3 tjBPbo7xyoGU47EVs6JCoSVigDk43e1dMpaExjqV9D8PaXoUdsLWzhSURhDNtBcnHOW681vbuKrX eRbMmMuBlcdyKihuGeFJDnaRyPQ1zpWNrlokZ5PNAbms29ncMvkAM+MnngCpLeaRkBaPB9jTsBZn kCMhbgcn9K5/VrtZ5Nz4CqMc1oX3n3M8UMS7CQ2XPQdOaw9atZJr2OGNWFpbKC7Af6xu2fx5/CqS EYOpyRR208owV5wBzk+lcnbadOIzBMzP57FyNuRGfY9vp35rrtS068iljke2ZrEAOvlrn5j3IHYU iLEYS6kEjnjrWvKtyTMa3kQQOVG5QA1dBpVjJdTxrGud33vQD1rY03w21zarJcybCwBAAya6LTdP i0+ARxcnux6mplJdCkhYYxHGIx91RgVm+IWCaeyA43sBj9a2iOa5jxTMDPFCOijcfxqI6sbMzTrU Ta5bMRwp3/kK6a9ijttZguQSC67GHbr1rD8PsTqkZC7sA1p+KGukMElvBvAyCS2MGqktRJ6D7u8C mSNSQUkCEY7HpV2xhW1TDkFm71TnIYGYoN00Abj1HWk0tDM4Z2J2HgZqOgzYK7kYHpjpU0eNgwO1 MJCABj14FPjG1QPSpAfTCPnpaavegBsi9xwa8y+NN9Fp/hI3U0CSuXEUYYfdYg8j8q9PYVxnxH8K x+LfDb2RkMc0TedCR0LDPB9iMilLZ2A+ffhaVe8v3l3maTYFOePvc5r2qK381iJCChFc4fBUfhyy gn06xuvtEjAyRNMHPHpwBU02t66H2Q+HrkBRjqv+NZQdlqDib1rZxi+QRoMBq6kQBY9q4Ge9eeaf q/iBXaT/AIR662qOvGT+Gaz9b+IWsrC8Vpo0qv0ZnOCv4VakgZ2mo39lY5hlnPms2Ts5IFef+JZ7 y6Wf7PPN5TZXJOAFxz+fSuTbxPqjzM76VIfx70ybxjdhNr6XKvODzVc0SHc6eymXS/D8cUAk3OQ9 w/8AEfb6CtHQ9M1PWNUfVYZjFFF+7UOM5BHSvPT4uZZQrWcwGcsp716ZovjXTLPw8kYyJuGZeOpN S5RGjqFSUdqng3Z75q0qBVyDk+lLg7cgDmvQuYWHAhoyGGDVWZWTODkdqsm4VYV3gAetVrqeKKJp JSFRRksT0pIGVy7E4Gc1DJdCKQRszeYRnaAScetWdMuor+PzbMGQA+mP51lan4f1fUtVN1YahFan y9hjGdxXPWonVUVoOMGy5aWdzNqgunu0axK48jGCp7GqXxAg0wx2UNtdIt1KdjsnDBcc81StvD+s WVwxivjPOOGjcYXnuGrG8b6etvPDNqF/5dwvzkxrwv5nmuacm1dmqVjltR0ywsVuJIr6SW5wU2yt hW59TWToXgaXadW1KddMtImDxm4PLEc8eoqTUtYsLWVobGxikuZiCZ5xnbk9VrRTwbc67cQrc6k/ lRBS6OxI56kc8Vh1HfoTy6V4dspoNa1y4LwXQMwiiON2T/CO4rJ1vxlretJ9itJAtih2xF0+YL23 H1xWz4r8COJ4J7OR5rSApBy5KxZPGPbPWi90K80TVZdMa7tVmCrMSIyfMHY+2OaJO2gJHlLNOZmY hVkUkkEcflXSaLcSx2geeeUSLwyh8FR2wK6HXbJ9Rlsyvksv3G8tNrc+mPel1L4e3tultdHNnbOP 3kk7Et9cDnmp3HaxmWlyTdJJ9pchT8pX5SuPathZrKfEup/Z7gH5WkkxlV+o5zVeHwVcpJI090Ft y37uXb98dsc9a6DT/Cul2Uc9rrVvJF5gLfaXPKDGOF/Gjd6D5WldnMwaA2t6oY/D6CSAHdvc/Ii+ rHtXq3hXwjo2hTRXdyUv7pVwzGPMSH/Zz/OvNdV1qfMWk+ELKey0i1kDNMEJe4Yd245+lexeBtJO uadDqGqPIYz/AMuxQqoPv61opX0WolE7DRrtdWtHkQMIVYooPAOPp2rTihEUaqoAA7DpRZ20Vpbp DAixxqMBV6CpiRnHetUMiPzN8w6d65zVZ5dJmkAH+jyfMjH7qt6H0Ge9dPwBVe6ijuIWjlVWRhgh hkU7gc7YTrNYmVG3MxDSA9Qa0Ip9qoAMk9qyrXTv7PhmihlMiuxMaEfc/wBkHuvpnpV3w6wvLSO8 Y5jxhRj+IHB/IjFNgjUnYxRqEGZpDtX2qzEipGExkYx9ar28bGVpJOeyj0q4BSGEKqkYVRgDpism /wBPtrrUY1EEYC/vJHCjLHsM1omXbEWzk9AKEi2bT/ER8x9TSAlTpgcU5qRacelMCI1yGo2d5dXk snkSEE8cdq7E9aQjinF2E1c5PRrea01NPOjZMqcZFdHfp51nKvcDI/Cs/WZxDfWnOAOv4n/61W3l JYBD19qctbMSMnSrxZbKUONxtpzGfYH/APXWnpFu8ETBx0JAPqM8GuM0O6+x+LNYs5E3LI27b2JA wf6V6BCylQc8+npUDFmUGIn0INTDGBVG/vYYImVmzJjhR1rOk1x9oEcarx3OamU4x3ZUYOWx0FNH 3zXNSavcYyJFHsAKjXVrtXDeYrexUVn9YgjT2MjqTVC6jLFG3YRGJNUrfXlLAXUewHjcvI/KtNnS VMrh0YAgjoRWkZqa90zcXF6mLLcC4uOm5APkA9fWrFvAkaHI+ZutS3Wm21zguhVh0aNip/MUyXTV aMrFcTx5GMhske/NFxWOc8W+IItKga3tXX7Sw5P9wf415m17HM0hMm9zySTXqyeB9IO83az3bOcl ppSSfyxUQ+H3h9X3R2rxg9VWQ4q1USIcGzywSJtwOgpPKVm6AntXtFp4Y0e05isoiTxlxu/nSt4b 0n7QswsYlkU5G0YGfpT9oifZvueZx+HUsvsF5qKfLNKAIsclevNelHQtOkj2vZQFTzygp+taNaak sIuXdPKbcpVsYNSSMgYbb51A7BQR/Ks5TiaKDMd4HgVjIjdcDPSq9s0hB84KBnAw1dZc2sNym2Vc r061XGkWYmSXyzvXodx4/CtHWb2JVJHBapLJKETy2dVYkbDw3pVCzik8QWjrLAbaMzCKRpnwXUdQ BXpbaNYu2Whzzu5Y9aRtE05kRTaoVQkqPQ1m5Nu9x8iRlWmm6fpUMkkTxQxMgTc0nWstDaW95G6T tcBhtMySARoPTrW5e+E9IvZQ9zbu5XGF81to/DOKtDw/phjSNrSNo0+6rDIFK5Tictc67b/2hFZ2 AMzufmlQbkUd+R3rz/4mWN7q9tGxVlEEu8SMNoZPpnJIr3e3s7e3TbBDHGvT5FAqjJoGmSEb7YNg 5wWNDbluLl7HzH/ZUVxfJLp9lNPbhRslnIAY9z+dbWh3msWWnXbmG4ikJGx/JbaR3Fe/L4Z0VTHt 062whJUFc4zWottAihVhRVHQBRWfJ5jseSfD3Xby6iuItSguZUyG8xotoA9s8GtXxPpmm61qttei 6S3uFjMPUEsD2NejyQRyJtZRt9Kpw6Np8IGy1i4ORlc81dtLBY8503wlLY30dzBdQQFHJQspcA+t aL6c1ohkn1Z7p5CXMkhwM56AentXfpaW8Y+SFB9BTzBDgDy0wO20UlGK2HqcCt08rxlovtAiICmN CcnPtxXRato815afLbac8jLysylufrW8NqLgABR2HFZeo6wkB8q3XzZ/Tsv1obSWo1FvRHKXXhC1 CZ1KV3DLgQRP5aZ/3B1/Ouy0A29vp9vaRJ5SxIERT0xWNbwvLMZZ2LyHufStSGLjpWcajvdGjppI 3MgDNNAySx79BVBJXjxuJZB271aW5R1ypBroUlIycWiRvQVnalJImI0Virfecdh/jUeq6mlnAWKS uxOAEGST2FYUGvXsSHzCjyk5ORgfT8Ke2orXLshBkjhhdhE5C47iuggt0SNVUKI0HAHevP8AU/E9 4s0e6wG1SH3JzwD2xXbW2pw3NrHLF/EoPNJSTY2i8Gy5AU4Ap2T/AHax4dUK6gYpAPLcZQ/zFbOQ RmqJKqkfaYYj12mQgfh/U1ZkbLDFU4EYyec7cDC/h3/nVkqBJkCgZIKcKZnFOBoAQ/foNNmOCp7Z xS54zQByviaQfbDnGFKitcPGktsSdquh+hPFYPixStzMecFVcfyrTgYXOmQlyMoMA/p/SreyJPO3 1Ly/Ec2pA4VbqRHJ7LuIB/I1t6VqNyZJvLlc/MULZyOPSuavbaabxZrGnW42rI5mDHoQw3cfmfyr atFXT7GKHdudVAzjqa5KknGJvTipM15J85BY5zzzyTUJlyeCQOwqgbgMVUZBbkmpIpQIyincwHGa 45SOtIttNggAEk96UylCNuduKrq2Vzn5ug96HciM4weKycirCzT5Awf1rV8L3rtPLas5COpK57Ed f51zck4CbRgdiDWr4TiebWkZRlYo2ZvqeB/X8q1w8nzqxnWS5Tpdc1NLC2+Uhpn4Rc/gT+FVvDF1 dXkG6Zw0Ufy7iDl27mqGuaNc3Wum4RmaJ4lRYz91CCcn8ePyrodNtfsVqkIYMF9Biu7XmOMkuLy3 tuJpkQ+hPNVjqsDf6o7/AMcV5Z41SUeJ7yJxKC3zoT0I9qzNNn1S2ukEBmdM5KMCRj61yTxE07JG igu57Eb2eTiNVA+maYwun+/IQPriucutQuWt4jBepbkL86BNxP09DWbeeMooLlLUwSyT7QxJPb/G lzzluHuo7EwqD88oJ/OkY2yDnc36VgprEDRI226Z2Xd5aRFiPx6Uw3t1PKPIsXFvj70jqCT9KztO 9tCro72jNJS16JiLmk/GiigQUdKOaTvQMdmjNFJSELRnijFBApjAmgGkpGYKpJoAeDVHUdSgsxh3 Bk7IOprF1rX23tb2PLD70mM4+lZMG0uWfLMxyWbkk1hUrKOiNoUnLVmrcXt3fEqmYYj6Hk/j2qWx 09Y14X6mo7aRFUYOavJcjZhetRH3neTNGuVWRPFEq89xUpcAcVUMu3mqlxeBMkmtLpEWL8twFBrJ vtSSBWfzNhHf/H1rK1HWUiVmdgK4vUtRkvnLElYh29azlVtsUodzbl8WTR37vLOyxqdqY5H1q1/w kguxtWZHZhzwOleeahdw20ZluZBGg6A9T9B3rk77xPetMP7MhEUan7zruZv6CiFapIznGET2h76z t2WW+vEt4n43nkkD0FaFp4v0aa9gsbG5DySfKgPAJ9PrXzfqF3qOqXAkmLkhQiogOFAHAFSWOkak 80bwRTCUMGXGc5HQitFUaMr3Pqi4LSIGjX94hyvsa39Ku/PtQSCCBiuB8FatfXukRnWLWa3vYsJI ZEKiT0YZ9e/vXWaZMIpztPySHp6GumMuZCaN21Aa0Uc85H6mpAcqD3xg1Ss5T9quYc4w24VZ4EjD PXmqEOkJ2bh2oSTOKVOcqaz5HaGVkbtyPpQI0pBvjIFRwvvi9xTLOcSDGeabu8m5ZG+6/IoApa/Z LeWTkD94FIH+Fc74dEcloySkkqxBGa7FwCGU1xRBsNeuYCMJKN6/X/OapPQGin4p04QaxpmoW3yq Y2ikI/2eQf1IrJnkadyFyF6E5rZ8Q3pltYrSJgX8zcwHYYqppuks5Bl/H0rz8RK8rI66MbRuyrDb uxwMk+1WRbyoDxlgOTW9FbRW4BA3NUThpZmHCxk1zuFjbmMHzW3gM2D+VWZ3EiHfwelU7/a2ogRt kKecUlwxWU55yK5+bc2sQXJViwHUGu/8KRRQaXG8WPOkAZ/f0rzuzjaa8WILkyOBxXqVnAlnFHEs WwqMZznIruwUb3kcmJeyLasW4br3plxNHbwvLKSFUZOBk/gO9OyM8etRX0P2i0ljAG5kIUnsccV2 S3OVHn+rQ6fq+tHUvK81lUeWZAy8D1U+/qKq3YWKbzCcl02ntyOn8zVnyrm0srI6s+7Uo0EdwFOQ T6iorqOSSMnYAF+bkc1hJWYbozjLLJIqiMxZXlepqnd2Pl6jZyNks2VJIznjIragaNwDIy+eOm7j J7VYkgEwibzJItpyZIjhlHQkH6E1mo3V76juJZm4+zrbxCRieMKM4o1K8ttKT/iY3VvD2CPMN35Z rpdI8JabYWcsKSXdxHMd7ma4Zi2f5VA+leFtHbI0+xST2jDN+ZrJ4SUtZyNlVS2R1eKXHSilruMB AKWkooGGaBSUvPSmAUdqQ/hS0gDP5Uufem5oY7Rk9BTAGYAEnoK5XWdZa5d7SyYbc4eQdvYVBrut NeTtaWLsEU4klXp9BVK3gESBVHfmuerV+zE3p0+rJooEjTlefU01wDyQcjpn0qwSWBGDiq8p2rli MjtXMzoRGJWA49MVq6cjCMSy5wfuj2rE3joep4rcS5X7IinsOtVTepM0Q394IlODgVyWra+FYohy xqLxRqg3GCBsuetO8N+Db/VCs8/7i3PPmOOT/ujv/KhylJ8sRWUVdmIDcahcIgV5Hc/JGoyTXe+H vAw2rPrRBbqtup4X/ePf6V1miaHZaNDss4vnP3pW5dvqf6Vp81tChbWRhKrfSJwknwv0K5v3u7zz 5y7FvL3bUHsAO3411On6DpenW4gstPtYoh/CsY5+vrWnRXQopGRQfSNOfh7C1I/65L/hUkFhaWxJ t7WCI+qRgVao+tFkBleI7UXWmODnKEMMVz8AMUaSxuwVcMVPNdnKiyRsp6MMVyZQQTywsfusRg+l XEDcuJhHPb3UZGG4YitC5YLCJVIYYHI71kJbLe6Pswd0TZGOvFS6eWk0+W3LsxRSRn0qyTShkDAM DUWqQtJB5sQzJHzj1HcVT02fKYNa0T7hTEc9bXBVxLE3ynqK15mF3ah4z+8XnFZGtW7afc/aIV/0 eQ4ZR2NRW15sIeFuPSnbqM1IbsSJ8xww4rkvGM6yXlr9nfE65yR6VN4i1JIEEsX7uZ+Co6H3rnLR 2lmZ5MM+eSa5cRW9mrR3NqNLmd3sXdPtArec+S2eSTXQQSqRtUYGOlZdplxwDwMYA/WtGIeWhyMn NccO50yJJCD0P4VA8TNGcdev1qZ02gj15x6UyEAMAzDJ6YqnruJMxIrNYpmZwSxOc1FeRop3E4PW tW+lWNyDnFZE8iPGd3WuaSUdEbxbepHoMZl1uAx4yrgg/jXq52suDwa888D2Je+888gNu/L/AOvX oW053d69PDQ5aaPPryvMrKhinfcc5xj6Vma1qOo2Ku9ppEl8gHHlTKGz9D/St1gGFQtyD6VrMzR5 4JJbqMzapEqXkuCyKOEJ7fUdKdEDIp5yB3HerepKkNzIFdZow3JDAkHrz71FYuh3BchTxz3rLlYr 6lNbZUkO5ckDAGPxFaKRAx524UAfKOtSS2rFt6KSw9e4pYjk9zz+X1ojFAx8VzfyW4srYquchXL4 IHpWfL4W1OT5S0bZ5aR35z7Vavb6ys4z586IeuCeRWdJ8QESMRwtG7D/AJaN3/ClNxjuyo3Z6Nu9 qAeKTFLVgFGaXtSGgBOaWil/WgAFBpTTWyCMYxQAZrjvFGtvO7WOnuRziSRePwH+NWPFmuGAmxtH 2ykfO4P3R6fWua0uNgxZhkdq56tW3uo3pU7+8zRsraK3iVcdB09KuKoyFHT1qOH5GJb8M0rXCrHw eB1PrWKNmNuXKrwelULqXCkswHNVb/UVj3BWxnv3rldX11Y4Wy+MDkntWUpalLQ2pdURJ9pYfiad Nrs1462mmQvPM/ACDNY3hnwrq+vtFcv5dppzgN5rsGkZT6KPu8ev5V6toGjQ6GpjsIIduMNI+TKx 929PbArSnSm/JGc6sVsZfhLwYtm4vtYCzXjciM8qn+JrthVeO57SoUP5ipwdwyDkV2wgoK0TmlJy d2Oz70E49aKQ1ZIuaWm80YoAXNGaSlGKACsTW7Q+YLhVyp4b2rc/CmSbdjbgCoByKaAxdCn8qdkJ +Rj+RqXUHOn30ciL+7kcDHsTg1lWE3myNtXa+/JX05ra1iF7rT4HjPzpIr/h3rRIlkEUQhBBJyDV mC6CkZPFY17q0Ud28LSbXTAPyn0+lNTUIcg+chz6mi6Cx1eYruBo5AGRhgg1yGsaTc6YzTW7FoBz n09jWlb6imQVkQ/RhWV4r8SlbY2Nuyiab5SepA70pTUFd7DjFydjkLiaTU7wGQDYvTHrWjFGkI2g 4Y9T7VWht0trXDYz/F9avQ28kqrLkHHFeRKTnK7PRjFRVkaWnqCoIGV9fatEqNhxVeBAkKrjAA4N SlgAA2Aa3irIzbEcgDdjp1qjc3KoMqw4FPnY7zg5HbFZl3A7vlzhT0xWU5vZFRXcytU1Mg7lIJHW sK3vrm/u0gtgxZuuB0rojawLG5ZcyE45rQ8MWiWsDN5aq0zlwwH6VFGk6krMqpU5FdHTeC4TaWzQ zgb8/KcfeWuo7cdK5y3dCiq52MvKuOxrbtZxJFliNw617CSS0PNe92SOwTj16fWsnxNoo1nSntlu JbaXqksbEbT7gdRWqMP82eO1OByP50PUR5r4b8E6po080Us9vcWc4yxDEMj9mAI/CuttdCjjX97I Wb2GK2c4JB/Cl3Cs7cug0kzmNdh1KxgJ0fTlv3x0e4EePzHP51yD2XxC1RWVIdM0hH6sX3uB+Ga9 WI96TFS1fqUeNL8INTvZvM1XxOzFuSIoP6lq04fgzpSL+81TU3bu25R+mK9Swe1OFL2cQuMp2Mil /CjmqASkNKRzRkelACYpe1Jk9qXPFAAawvEuuJpcXlRYa7kHyrn7vuaf4h1uPTY/KiHmXbj5UHb3 NcNsknne5uGaWZiNxJrGrV5dFua06fNq9iKKNpG82U7mZsu3qf8ACr6MiBRuAPWqlxMYlYKAvBXH 9ayLvUkjfJPA/wAgVwt66nYlY6FtREO4sDjsTWDqmvABgjDA/OuZv9fkuZNkQIC8E+tYV/qUdopk uHJJ4C92pNt6IV0tTY1DVTsaSWTy48ckmuh8E+BbnXLyDUdet/L0gLvjtZch5j2Zh2HfFQ/C/wAH T67cw67r0e2xjbfa2zdHI/iPqP517cBtIx0rqo0Le9I5alW+iM65sRCkbWCrDNCuECjAZR/Af88V LbXiXNuJUBDg4Ze6mrsi5XI6jmsqdBa6isycRXHDj/a9a6XpqjLc1UcMtJnB+U4NUrVzueIn5kPF Wt28YPDU0BMJ2X74zU0ciSLlWBrLuS8eHz06g+lBypEkRIB54ouFjXpKow3rEZOMeuKlF0cZABou hWLNFVRextjAJPp6VMkqOcA4PoeKYEtMmG6GRR3UgflT6O1MDFXSVnsIbi1Jiugu4ehPpVrTrky2 /lzpslQlWX14p+oanaaNYGWcMwXoiDJPP/16zLHXLbUdQjCweUr9WY8k44rTmVybMS41rTIbmRJL cO6nBby85x74pV1vSX/5dl/79f8A1q3fsVoekEJz/sCk+w2g/wCXWH/vgUtR3RiTaroaQSSSQxKV BOCnWvN5ZBc6lcXSRbEJyqjoorofH93aNOtnaQxoyH52UfpWBbxGQhckLjJx3PpXDi6l3yI6qELL mZoQoZyrDJBOT74rpLSJREBtxVLTbTyyg5B29x+ladzMIIcsB74rKnC2rNJyvogkdEQowqlNMDtG AMdD71Ummdkcbj6rUNiJnP73mMn8c0Snd2QKNty9GCqszgj3FUbmTeoyCcHORWjPOqxhFOc8Vhzz tExRhtLfkaiemhUSOdwfl/P2rUspWkgSKBc4A+dugNZqqskiBuCTjnjPtW1bfJhQMAdMV1YSFk5H PXld2LsH2ll+Zo1YdcCrVosy3Cs0xKdGUDGRUMZ6MOo6+4q8gyoZfqK7UznLkchhfAOQKt+YGYbf 4utZsg3sr5YKwxj3qa3bywQKEDL8w/d/L1XkU3PAp28Bcn8KI8hOetTJaCQ3ODSg+9IA+TkLTgM9 cVBQ05yMU4HtTse1IVOfbvQAuaaKO1A4FAhTSe9KKQdelAw+lYev619kDQWmGuCOW7J/9etXULlb SzkmbHyjgep7VwSo89wN5y7Hc9ZVZuKsjWlDmd2RxQTXDtIzFpGOS5qzHGsCNlc9xWhCgRdo7e1Y HiO/FnazSkHI+VRXJLRXZ1J30RzGv6oiXEgfIAPT8a4+6vXuiVQvsPJzV+HT9Q8Rap5VlA0rDrjo PcntXrXg/wCHdjpOy51Erd3nUAj5EPsO59zUwpym9CZ1FHc8Z1rS77RvC/8Aa08YgjlcRQLJkNKT k5A9AATn6U34WeDZ/FmsfbtT3tp8BzIx43nqEH9fau9+L9hdeK/Gmj+H7PIgtIjPO4HCbz1P4KMf WvSfD2lW+jaXBY2UYSCJcADue5PvXXTpKJyym5GjBGsUapGoVFGFVeABUjjKUgGDmng5FbkArZUE 1T1C3861kjH3h8y1ai7r6Ur8c0txmZav5vlzfxY2P9atucVn5+yX7Rt/q5ORVy4OIs96lDZA8rSv Ip+6qGpbNiYAp+8BkGq6sqNKWOPkzk9Kjt53WzkkwR5YJVe59M0r6gXygYb149R70nlkDcCQfQVh xa8LezN1er5UauEl5yEBOAfpkiuhR1ZQ6Hcp54ppphsU2GZNoyGboR0zUsDZiZnBDDhgfapZohIu V4PtRGmSHPUja1Kw7k9k5YKqHeh6HrirN3BJsMiTOu1c7VUHcfxFR6TbJCJWTI3NyM8D6VcmkEcT u7YVQST7VtBaamcnqeeeIJs6NIjklmkHXr1yf5Gqvhzy59RgSRhtJ5ycdqTxfJJd6gz2iqbeE/Mo ByzYGSO3rxVXww1jf6hCguVBBIZc4ZTjuO1KXxDWx6MlvLDzDISvoWzWZ4j119JsiSV89xhFPU0u oltGs3uDco8ajgMcE157dXE2sXv2m5bPovYCprVVTj5l06bmxtpBJcPJNO5LNkktzmtmwgCSjYny 4GAO/wDnmobKJppdi/6sde2TXRWkSW6KxGccmvPjHmd2dknyqyJU8qJMty3v2rL1KcqjvuJB7f1p 97KinIbcvXj61jo8s8jrN8sKkjJ7iqnP7KJjHqyWzb7SFJwo4JU962xGAoAIGAc+1U7Ywqh2AMQM monvgHygIIGAaUbRWoPUlntkCPsbYcZznqaxdQvbWCINM2XUZyOgqprWspDFvaUYH3jnpWD4f067 8Z6qEy8emRHMkmPve31NSlzu0Qb5VdnYeE7afWbOe6mIW1kO2FSOTjvmuz0TSxJprx3gxNuO1x1w OAakt7WK0t4oLdAkcahVUdgKu2s4ChGOMHhvSvSpe6uU45tt3Ofu7e4s5/LYYHZx0I9jUto3lPtZ iUbv6Guonhju7co4yD39DXNX1lLasVflD91x0rQm9zUhRcFWJ2t3PY1UmaVPMUR8r3J61UstSVX+ zynMo7D0rVcNcRHCkMo4z/FTAksmZ40MhG4DgDoKvKRnB6GsS0mxGMHmtKB2fBxjvQJoskEA4ozS FskMvQjkUhGD7VElYaY+imDOepoyfU1NxgM0DpS4PrxS4xmkAgHrSk0GqmqXX2Oxln7qMKPUnpTv YFqc/wCJbxprsW6f6uPk+7VSsISSWA5PFRJ826Rjl8857k1rWUYSGMnrjNcl+eVzstyRsKyeWNqj 2NcN44UzRi3h5kLhVX1JIGK7a+lMcTuoBIHFccCp1XTJZGyBcI7t/wACBrOs9kOC6noPhnRLfRNK gtoYlEgUGVwOXfHJJrYpM0vb3ruSSVkcTd3dnNpYxR6xe3Srme5cF377VAVR9OP1NbCDGKqwgGZ2 96uAcUDHAcUdDS9aax4oEMJ2zfWpSM1XmHRh2qdG3KDQMo6la/aIcDiROQaoLesbNlZA00ZAIJwP rW3L8pDfhVK6slkkEsWFkxgg9GHoalrqhp9zLt83FxJIzFhGn3e24+grC8T+NNP8NpDaSxyXN9cD KQxjtnGSa3XjexW53dC3A9scV5h4surZPEkt421prGJYogR0kYbi34DGPesnLlRVrnb2sUevaLex SxtFHdRNG6sOUOP5gk1gfDLxLdWF9N4W8QyD7dbHEMpORKnbB78V0ngeGVPDFu9ypWSVDIQ3X5iS D+WK5j4q+GZbywg17SFK6jYje5Qcug5z9R1+maavZMT3PVQf4l6dxUq4ByPunrXn/wANPGUfiLTE SZgt9CAsqZ6+49q7lX28jlT1FaJ31EaNmwcOoPCnBx64qtrFxbJaSxOwZyPug81h6hfXEHnx2hCh mDMT34HGe1Ykl7t2RtG6SSvtw3+NbxehDWpoTFYrHOzczckeua8x1jQ9VXXhqcq2l3aE4EauYyq8 9T3r203Ok2VmVuJIW2j5yea831qeHUNRcWMTJaAkKGJwx9axrSjy6mlOLk9DHhEl2wY/Ko+7GpJA +mSa3rK1DRqEGCT1I607T7HywQeW7n0rcs7YbA/tXBZyep2aRVkLHB9mI4UIRkEetR3t75J2jaTz 1pNRvRECpwT1Fc5dStNdR/e8snG70onPl0iJRvqyxPNczS/6MqICeW7fhVqMrbAFyQT1L96zZNRF vHsXBIPJPb8KwNU1KV8l3PBypJ6VnexR0N5fwxSyFGJJ/T6Vy+t+IxBGVYkMTkBeprnNR1sl2W1G ZD1fqBR4Z0O413VI4EJZ3OXkbnaPWmouT1IlNLY1fC+h3/jLVgH3RWMZzIc8Aenua940rTbbS7KO 1s4liiUYwo6+596h8P6Xb6LpkVpaqAqDk45Y9ya0Sa76cFFHLKTbGsOKr55IqV3I6VW8z5jWhJoW Nx5ZAb7p6+1aL7ZF24VgfUZFYSmtTT5R5WK0iyWitLoNkz+ZGjRS9dyGpYLKSPhJsgf3hzWlUcnH I61QjMuLdYpiAAGPzZFME2wcHnvmnalvMqMpABHOaijiSMhzlyfXtSGXdOlEqsRnCkrn9ancAMMd KqwECWQDoQDVocj5utExIb7UEe1OIHrSYwazKFBozmkz70v86ADHauY8XzkyW9sO2ZGA/If1rqMh R1ribmYXuozz9xwoPoOBWVV2jY1oxvK42EDzki+9tGSPU1qhjgsax9ORnuJZGY5PAx1q/NIkMIDr t+tYQ0VzoluVdXlC2jfN1NchqTrHbRiIHKtk+3pV7xNq9taIFkcZY4ArKMTtZRbt26THUVz1Jcz0 NYxsj2OwlNxY28x6yRq/5ippDtjY+xqKziEFpBCn3Y41QfQDFLdMFgYjrjFenHY817mfZqTyfUmr hqK3XEQB61IaYxy9KY/Ap4xTJc7DSATG9SOtNgYhih6ilt33ICOlMnyjhl70AWCMjFQqSQUJ56U+ NiQDkUybCtu7HrQBg+K5TbWBkzhF5YnsK808DaIPE2s3OqXozZRylth/5aN2B9sYrrfjIJF8GyyR MwMciFgp+8pOMfqKu/D/AEz+x/Cdja3OI7qRTLKGODuY5x+AwPwrCUbz12KT0N6fCQ7QBz6dhUFl KrxFG6ZIwabqMyp8pbnoKoxyGMMyn3q29QSPKfGuiXngbxKmuaOCLCaTOF6Ix6ofY84/+tXp3hzx bYanZwzidF8wAMrcbW9KtahBba5pM9jeANDMu1h3+o9wea8q8LG48IeKJ9E1QBrS5OEYj5W/ut+P Q1F7O6Cx6f4i/tOx87UtLghvoGjHmWrkggjPzKR7Hke1eKeJfFmu3d5JDIRZJwyxwpt2j1yefxr1 mO5uNKvkQxGS1lbYqxqcqfw7VV8eeGbS/vbPVryTYIYyjREYaTnKj9TSbbWg/I4LwHpGoyLNeahd XMsLH5VkkLDH4mvQdLtzO/yjIXgCrNpZCPSIEjAG4DAA9a29J017VwvAJGTWVnJnRG0UQwWD7/m6 ZzxU126wxAA4wvateUBEwAfm9q5zVlLI+wljjH1pzjyrQE+Z6mJcM7yqXyRnNVNRJRCVGPm455pl xeNbgsTllPQdcVymu+IX5gh5bv3A+tcu+hq3bVlm81SKxVjIeCTx1P4VyN7ez3zsoykZPTPJ+tIV kmkMkzb3PerEEGe1WlYycrjdPsHmmSOJCzscADua9w8HaRBommooQee/zSPjkn0+lct4B0VUX7bO uWP3Aewrtp59qH2ropq3vMxl2Nrz1ESnPLdKja4AFY5ulV4t7YAXqenP/wCqknuR5LMh9s1vzEWL La7apdi3dsMe/apppAJxg8EZrzXXZjBeyYflgGya7KwnD2FgxctlcZPesoVXJtMpxS1N1H+WrllN g1kxSglwOzAVagfa249M4rojIho6G3nDjaDkjpU+K56K9+z3yo3CyDcp9+hFb8cgdAw6Gtk7mbVj N1NgkyjnJHQVHArlfnBUHtT7s77rJOMAjrSB8cE0DHRqfPAbj5f5GrgyapM+2SJmOOSPrxVxMlck YzziiWwluOz6ige9GelDH+6BWdyhBgdeaaWB9Kb+NGKQEN/KIrGd84xGcfXFcMjOkRI7k/zrofEl yf3dqp+8QzY/T+tYkqb9PJR8HHBHNc1Z3eh1UVyr1JNHlKozdmP4/hWT4s1KSJWIYfKMYz09q1bd RHp6sCcjlT3rF0LRDr+vyfasPptqQZFb/lo55C/1P4Vi+ZpQXU2uleT6Hm+lyXHiTxnHBJkwREys DyOB0/PFehX0Ehks4oR/rZkjX1OTXW32lWFnq9l9ktYoNsJT92oX5d2cfnWdeOs3ijRoogdiThjj gDAJ/HpRKnbQIzuro71BtUDOcDrWZf2kjSwzyTk+WXAQDAO7/AfzrUzxgVWu+Qg/2q77Hn3Iovu0 /PFAHakzg0DHA9aU0wHk0A4NACRhV+VOAO1OmG6M8e9MONxYdT1oZz60AMib5cZNOlAZCM9qriVV mI/GrGMEkZwaAOX8bTSR+GNQkhRHmghMyK67huX5hx+FfNl1rWveJNSjWW5nmuHb5FQ459vSvp3x DtGn3sb4KvA4Ofoa8Y0zwd4jt9Fk1DTLORIZh8ygDzSPUDrisqmgJXNrS9duFihtbmYzzQL5bvuz lhwTXX6VeCchSevFeK2cs1hdMJVIfOGDg5BrvvBlzPfXaR24Zj1PooHc1zpu5qdvHHLFehYwzhuw FP1/wja+IRateu8MkD7w8eN2O65/L8q2otsX3Vy5HLetSGVq6owSWpDfYfbwxWkKpFnCjG5uT+dc 1qIOuam0CNtt4uC3qa35CWQ7mwuOf8BVOGOOMstvEqonYdz3qauqt0Kp6alyzihWFUQEiNdqn2q4 uMkjOQaqWqkYJ4Oc4H8qt5Cqd2CRQthkV2/G3JDdTXG6/qUdpG4ycDk5PTHWuk1KdBFLM0gQIN3A zivEfEGsS6neSnzG8kMcDPX3rCq76Fx93Ur6xq9xfOyw5ij6E9zWZHFtHr6mpAVPualjVm+6Kxtb Yd29xYUAHPFbWjWJuZVwvygjOazreIAjPzGu98O2IjtPNY4JOSKEruwPQ39OdYoljAwB2p2qvtjz ng1QEuy568GrGqvugGfWt+bQz6mZqV6/npDj5VjVqv2N0s9tKM5yD1rm/FNz9mmiVP8AWyxKAO/e q11qn9kaNJNIRuAwozyWPSslNqRTSsZOqSyX/iCK0jbJkIXI7D/9Wa9DjVbWOwgQ4jQkdc8ACuC+ HdpcXk1xqrgPGp8sZHJPcj6cCu6nZHRCrMcA9Rg80/hV2G7NWzmDSvz8pdf5E1qLIpDDI61zFtK8 fQqc88ir0V3IScBBk9gf8a0hVViZRL2tl/LhlhUu0cmCAexH+IrS0XVmYiKWKRWbuelYyyzTvyT5 WcHHTNa+nKBMAejDFddOV9TKS6GjdRO20I2Md8ZNQCNj1kepNQvoNNsnnvJNqRnHHJY9gK8s8QeJ dQ1Sdzbym3tmY7Y1yMj396qpVUBRjc9XghVtpB3lWzknODV7cQ1ef/C66ndr6B3LQjDj03dK9APN Qp86uNqzFz+NL6nFN69qTJz7UxDSD1zQfagDHqKXrQByfiQBNX3bvvQgge+SKoXEghs4Q7AbuOvW rXj6CQSWd1HkYzGcfmP8+1c5LJcXQg89SCnRlIya4qrtJo7qSvFM1tVnSCyTYwKlPWug8D2RtPD8 LSDEtwTO/wCPT9AK4mSLdqOm28qF1luI0Kn03c5/WvVRwABwPSroLmk5Gdd2SiYHiQKuoadIW253 Jnt2Nc2YynjDTUDb287LEsc9D712PiHT3v8AT8QEC4jbzI89yO34iuetL2zluba4ZIxcxygOGA3K fun39aqpFc2oU5e5ZHaVWuW+4Pep2zgiqN2+HQZ7gV0XOUmpDzS9qDQMhyQ9OYsRwKSYZHvSRt2N IAUMeuKQpg5zzUuPwqOQcHmmBDOglQMOCKdCxMYU9R3pY25w1Rt8knFIDI8R3g0+zkvZYzIkCmUr nG7HOM/hXEXXxti8si10ZvMxwZJ+B+QrufGto974X1GOEAyNbvtHqdp4r5bhjluZkihRnkkYKiLy WJ6AD1qZMTdjrX1DWfGniAusK3VzJ1RECqi+5HQe5r2vwpoMGgaWsEQBnf5pn67m9PoKq+BPD8Ph /QoITEqXsiBrl+pL4+7n0HSuiJGcUKCTv1GmxpprNge9DsM4HWoLuZYIWkc9OgPc027DSuUdWudk vlK7Z25I98jFW4yYrOMHBlc7m7c1z0TyXLscZ2gsSB9cZroF2XFrA4YKuArZGcHvXKpOTbOpxUUk XrbIAOV6dRzmrIAZTyMVUX5FGxR1xxxxU4kYR5IAYdq2RnYzNZIW0uSwwhQ5968GljHmvgdzivbf EVyv9nXJyQwQ9enSvHBGS3HfvXNOWpTWhBFDnkirOAmABUyqI16c1GUZm46msm7j2NDRLfz7oEqS q89M8131vsjt9q9cc1g+HrZbe0DEDe3NaU8wiHzd60horkvUbPIBKCpq7dOJLRSCORmsOeUnDfdH vxU1xfQ2ultPPIBEnU+vsPU0KW4WOb8f37Wd5pzW8ebmeExq3ptbn/0Ksq30+58W6va6LBKxgtv3 17cdQnbaPf8Ax9qwvEuvyazqqrpwJkRfLjPURg8k/wC8a9X+HelweHPCQ2ust5dnzJnByc9l/D+Z NVGKvzMhtvRG6Le20+1isNPQRQRKFAHtVGX5244HQU6SUohOctn8zUUeWcVlUnzM0jGxPEMnAqdn 8tTt7cfU0ziNMDqe9ULy7VDgEYXk/QUJ2B6na+FI47jSJy4yDcMufoAM/wA6mKmGYKQQVPWqvwwl E/hCORj87SyMfxOf61v6hFkJIAfQ16lK3Ijll8TOd8WaRJrqW6QlI5426ydCpHPSuan8A6iHXY0E igjlXxj8xXd6pKIESYsFKgMM+xrVhkWWJXQ5DDilUppu407GH4U0EaJayB5PMnlILkdB7Ct08Z70 48jpyKQ8qM1KVtEAh68Uh/OnduoxTSMdSaYhN3rmgnApvHTqad707gUtWsxf2MluxwW5U+hHSuAK 5MWMAqSGH0r0s9q4O500Ra/eRz71gc+ZEwOBz2/nXPWjzWaOihK10yDT4hceLNMy2UV2fjuVU4r0 UEnNcN4Nsnn12e+5NtbI0CMf4nJ5x9B/Ou5yfwp0FaNxV3eVkFZlzomnXV8l5PaRNcoQwfHOR0J9 fxrS+vU1V1K/t9Nspbu8kVIYxkknr7fWtWk9zFNrYbqmoW+mWUl1eSqkSAkk9fwrL0e8/ti3ivwp SORQyKewPT9K8e8T+IL3xnr0FjbZSBpNkUQ75/iNe16baR6dp1vaRHCQosYPrgYpJ3YF7pR161AH IOGNPD59zVAK44zUJJDfL1qYOOhqORM8rQA9fnUc80pXIwaiibnGam6gUAQsAOg5psi5GccilmJy MDP0pEYMOTQBFPte2dT90gjFeQeGIdK8IahMLxFbU5JG2MRnYmSAF9OOteu3SkIQMkVwfizwzDqk kjglLhPnjcevoaid+g0kdPHfLNBHNF8wZdwx3qOHUFeQoeGHY1z3gW6kfS/JuFImtpGicHqMf/rr T1WwYKbi2bEg+Yj19qnmdrjsa3ngjrWFfXH2q4CM+1RnbimNfFrIFT8xwD7c81YsbWO4aa6deApV TWdSV9EbUo9SxaQeQoIwd4AzinxKsMcsmBtD8envUloTJawI33kjPPvUsKA2ADdXc9KhLsaMswth Tn5lPI5qR22xZz9ajt4/LiI5PPy5qC7cxQtztI9atuyJtqcx4vuQlnKqscyDbj61wYTb7VueIrkz 3ZVmyE6/WsfAY81yN31KkR7c1ZtIB5i7uppUVU5YdKltJ4mcs3QHBpXEbsbIoXHBx+FPvFbyRIHQ ehPesW4vozjyc7vfsKkgPnMq5Z37+1PmFYsTfvo8rlS3XPT8q8/+KF1Niy0u3dsKpllC+p4A/LP5 16SyLEgeUhUHH1+lc6uiPqWpS3d3Gvztkew7D8qIztK7CUbqyPO/CtjqNxMLa2hjSR+BO+QqD1OB Xr/hbTrjRdLFpNc/ap2cuWxgDNSwQ2thGFhRd/TIH8qknultoCWYK78/QUSquQowsWJJg0oGchOM +pq1bDAMj9ulY9lLG/zlvkHU0t9qi4EcZwKiPdlsvXN5uJ2n8a57V7k/YrtlPRNoP1OP8aka5BB5 4HU1y+tajLOvk2SloWc7psfISOwPfFUryYnoj2n4PXCSeHriLcv7qbkZ6ZUf4V2cl3bbGR3BHQ45 ryD4JyxJqN5YSMG86PepJ6sp/wACa9eFtHEWAUc816uHadNHJNe8VLmJbi3JCnoQuRzip9PLGGNR 6A1YSIupA4HrT7O3EUeD1UYNbECng89aB7UE857UoPFYlDaaBkcdKceo5pOB3xQAxeBmnBs5qIA8 0o4HWgB5HrjFZPiHRxq1uUjnNvIVKbwM8f41q5x1qG5uIreLfKQPQHihpS0Gm07lfQtMg0bSrext d5jiH3m5LE8lj9TVqSeGLJeVF9QW6V5Z4xu9Tv70xrrVxb2LHC2tnFsdh7tnP+elUcz2lmkS+TZw KOBI29z7n3pJW0E5dT1WXWtPjO03SEjsvP8AKvIvi5qt9fEuiv8A2TAQRsySTjlmArLv9Yijz/pE 0vqFYKP0rCu9akL4hhjEbA7jJlj+tJ2Fc6b4IQQahrF3qCguLVAikrwGb+uAa9r2/wAT9fauJ+Fc MUPhKB4LeKFp5HdtihQTnAPHsBXZMWK4yacVoUiRmj/iHXvTDIi/d5PtUTLlcCmMr9FX8TTAs+YP 4hj3p6sD91gRVQjGNxyaeCFGeQT60DHyghwR3qWN8x5PWoGZskkfSnROGIP5ii4E23I96rSAoTVr I6ioZkLrwOTSYEMuZImCnBI4I7Vz9xfCwSBb50MhXa7gYGR3rcyI1VRwMYxXFePjHA1vd8uEcqw6 jpzn9PyqZdwILiErrt3DZ3ARr2JbqBweGYfKQfyH507Q/E8WoK0Uo23KZWSPupHBrlNYtbrRrnT7 6Nm+ysTJGAf9WSMun0I5H0NZPiZ203xHZ6rZn9xebVk9N/8A9cfyrLXcdzv76SOOB2j+6WyfzrYs rpY7Joj94jiuelieWxXcCoYEHjIretYUNorFui/lxWF22dqslYfp10UWZX4Kvt456U2G98u6jidv k5AzS6fHE0rbdx3NnnrwKqayircwhflbeCvHU0apDurnU27jys/liud8U3yWVu8zt+7wcn0Nb2mg GAD5skc5HFcB8ULopCts0LSLK3boQOf8KuprEzWjbOUF7HdlnWUMS361HLdQwygTS7SBnHrWVa2+ 2Yx26GPeeqsTj9aR9J1KS4aOQxuh437ucVjZEXZeudTjyHikyufqT9KjtZZrmUm2tiuTknkk/XtU lj4bhs3827uVWPqQxAFaU3iHSrBRHA7PjtEvB/E0tPs6h6lvTtKuCQ93JtX+6OtWNc1ew8NWQlnG 6Z+I4l6t7n2rkdR8cXjgrYRJCOgdvnb/AArjdRubm/mae7leaVurMcmrhSbd5EyqJLQ7ePxZBdTe dcXGSf4TwF9gKuv4vttoSJhj1rymWLd0496hEUv8LN69a0+rxM/bM9fHiWyhhM9zLucD5UBrl7jx TJc3TySvhSeg9K4xbeV/vFj+NTx2Dn/lmxxTVCK3E60nsdl/wloCBFO1F6CoT4jeYnykZieM9Kxb PS5XZVWBmYnAAHJ+ldlYeAvEbKv/ABJrsBuRuTH86PZR6DU5MpaXBqGtX8FqweTzXAEMYOD9a+kG 8P2stpHpzWVmNLSIqsYT5lcgjIPb69awfhp4K/4R62+16gqnUZBjGc+Uvpn1ru+9awppLUTkeWQ+ CNT8Na9bapozG+hhfc0WdshUjDD06f8A6q9Ks9Qgu1Vza3sRwMrNCRtPpVrNHXg4+laQjyfCJvm3 JmuVUfKjufQDH86b5xdRuTaT2znFRHp1ox39KvmZNkOMhzjHWkJOO9IPc5PpSZx0/WkMXfhfpRuH ORSE4wcfjS89qAG4J/nSKSMZpR2zRgFelIAAOARXB+I9UaW6mfcfKiO1F/vHt/j+Irubg7LeZ8fd Qn9K8r1IskzHqFy2Md/8gU1oSzHvNUMEjQwnN03Luf4f/rVzmp3jyNgM8hHBc88+1QK8zNJJPu3u Ceew64/WsjVpGCKF3MwOeOlTKV9CV3GS3aliuDkcHNU7ickNngCresXCT2dpM0YWZlIbHfFZsEUl 5cQQRj5pXVB+JxUgz6O8PX1h4e8C6TNqdxFbRC2QlnOMkgHgdSee1cB4m+NccLvF4esVlxwLi5yB +Cjn8zXlni/WbvW9YmklmZ4YD5UCZ+VEHAwPwrnGznnOKOa5bdjsNa+I/inU8ltWngT+5bHyh+nP 61hJ4o11WDLrOpA+v2p/8azdpAOwgg9qgPDdCPY0EtndaN8SfE1iw/4mctwg/guf3g/M8/rXc6V8 a2QL/a+mqyD7z27c/Xa3+NeG/MORS+dlSD3osPnZ9d+GfHOg+JMR6ZeqZyP9RKNj/kev4ZrpYlwx r4ageVJVaEsHU5BXgg+tel+Gfiv4n0i3WC5MOoQrwPtGd4H+8OT+OarUFNdT6bd2UjjjPNP3YIHY 15BoHxlsbt1j1izks3PWVDvT/EflXpmkaxp+sQCbTruG5jHeNgcfX0pc2ppo9i5cqMfMCG7EVw3j ua3js0eSRFjLsDxn5sf/AKq71zvUHHArzn4n2L3WjpJagLcRTq/I68EUpvQEhVgi8S+GJ9PhmTz1 GYjnlHXp+H9DXnnh67F9I+iatE63Nu3yKw+ZWU/0pNJ8SPoWoCSSJ+eZVJxz3wa7A6vo3iG6tby1 tpFvUODLJGVYg+/cVm5LluOMbySOmEMVtoLvIxxgEHOTmr2nwJJZEDJVgODUOort0YIMF/lxz7g1 q6UFFh86hTioS1sdLZj6aI0uZNmAM4AU8fhR4vjSPTfOCcwssnHcAjP6VWsSE1qQAKoLnAz71o+K fLuNKuU3dYyP0qF8LK+0ixo9wHgQqckrwK4v4sOkGn288x2gS7c4z1BrQ8PalNNZWjQEshXk+uOD +uRVf4p2J1PwlO/JlgxMCO+Ov6E001KNiZJq7R5I3iTyDi1i4x99utRP4hu5Ok0iD/ZIFYYX26Gp EUnvgelVyRXQ5udl2W8MxzJJLI2erHP86jYq+MnJ9+ajCkKAByeOmKkjQcbf0qrCuAiBBPQelM8h cdMnGTVvZ8pGByMipYosMARkHrQFiktkrdvwp6WIzgj8q6TQtHl1TUoLO3RyZXCkgH5R6mvQLz4R 3cVvK9rfwzSKdyoUK7x6ZzTV3sFkeRxWXy5Cjiu78IfD291sRXO0Q2LMQZiwPTrgd6sWPgDxC0u1 rJ1Un5i7qB/OvYfBOjS6F4ehsrllMqMzHYSRye1OMW3qDdiPw74Q0fQFBs7ZWn7zSgM/4en4V0X0 pf5UmOelbJW2JAdKGAKnI470L1xS89j+BpgJmkOcfWlYYH9KCKQABge3qaBx2P0prEKC5JAA5qO3 uI5ixifdwDgDoD/+qi4W6kxztPINMOMDIyaXg9Pyo980wEOcD9aUtgdKRenP40cnigBMUvOcdqTq c9qdt4JNICO4QvazIDklCBx7V5VrLAxu4wMZzxXrTHjC4rzDx5o95YyTXlpEZrKT5nVV3GM9+PSi T5UK1zg9XwsRKkHjt6Vzl8bZIzIGdmI+7j+tT3Goi2nMEz4jfmJ2PBHpn1FUbrKcY3Rnoe4/xrHm 1C2hkSyvLKWk5UDAHoKsWl+tpkqGUkFdy/eUEYyPfmoZzHn5SF+vFUpj1warcnYdf2P2SJJIn8yC QfI4/i/wPtWY0YI4BzV+HXb7SWBs5B5bH54ZFDxv/vKeDXRaT4x0aSRftng2ymY9TBI6j8jmkk0O 6ZxbREGo5Ijuwea9gj1bwJeqv2vwxPbsTyYzkD8QwqRbLwBcSjydM1Un+6gcg/rT57D5GeMshViA OlRMnGSK93TwT4a1Nx9l0LxDHnusbKPzarTfBnTbtP8AR4tZtiR/y1eLj8KalcTgzwqxQeTnHJ61 KwrtPH/gd/Bk9tF5zTRXCllZgARg4I4riznPGa0TuZNWY3Bz1q9puoXmm3Kz6bdzW8o/jjYqapHj rmkBAoaDY9a8J/FzULeWO28QqtxbH5fPRcOvuQOCK9l0y4t9QmtJbcx3FrcKzZxuBGOK+QxIDntX q/wL8TppmtnTdRuNlpcKfK3twkmc8emf54qGrGsJ30Z6T4z+GdrrEJl0mYWF0BkKy7omPuOo/D8q 8um0LxT4evUi1GwcQ7tqz2+Ch645HT8cV9KryQc9RSMgK4bByMGplSi9jSM2nc8butTuE0OK4ncF XITHfBHf3rovD+sR3Vi0YysqjHzd653xxYiO21fTrdHVoXE0RLZ3fxfyzVLwDqP26OKR1ACjY5Xk hh6+lcmsWd11JXKuoajd2Hima3QjLkSKWz6dR+Ndha3U+oaeRKIyxGGK1kfEHSFlt4r+1X/SbRhK uB95e4p/hnUkltDNGQY3AL4PQ+hFS1yhe5yvgaRtM1rUdLupWEayb4N7e+CP5V6VqpS80a5to1Vi 8TLj1JFed+LYo7PxPYahEuEkfLEfgD/SvQrKZDaqVXCuOGx1q0xKPQ+cjGQWyPmzgjHSnmPB4x+X WtnxFarDr9/GgAQTE/n/APrqnFbM8gVVJY8AAd+wra5xNWdiBIixO3gj0rQ07Trm+lWOztpZn7JG mTn8K9Y8BfDOF4EvPEEWXbDLbg4A/wB6vUtP06z06ERWFtFAg/hjXGfr61ag2FzxLQPhZq19GJL8 xWKHkLJ8zkfQdPzrsdM+E+k26qby7uLlhzgYQf1Nejg8cikPBORVqmkK5T0fSrLSbZYNPt44I1H8 I5P1PU1f4GM9aRc9PWlOKu1hAOc0ozSYGeM0p4HvQIMZJ9KQ5+lHAIGevTNKTx9KAA8HpRk4x+tL kE+9LtGBx0osMYeeopucnkH/AAp+MUEZUYzigBGxTI40iBCrgGntz6+tN7HPSkAZJ68UnIIB6UA+ vB60A85xzTAB1NKw46ZoPoP1o57daAF6GmsTyM4NG72GKReT2zmi4hSua5vxpda3ZWEZ8PWa3U7s VcsM7Bjg4zzXTMBkDil474xRYDwWP4Ya/riSPqJt7N3JbMwyST7LT7D4GX8TESeJVRM/djtSw/Vq 91IXOefrSj3OfTFTyoDyGD4I2Z/4+tauZT/sQqn9TVlPgp4fU/Pc37gf7ajP/jteqld2OOe9GeDR yoDzyH4QeD0RfNsJbhgfvSXD/wAgQK2rXwB4Xs1Ag0W1AH97c38zXUDHORTuvHbGaLIZj2/hjRbd iYdMskPXiFf8K0obeGFQIo0QDsqgYqYdcHFJuHOTimkkAh6nrQ2evPHpVaXULSBvnmXd6Lz/ACqh fa6kSMbO3ed+2fkH5mnYDy/9o+ELZ6TckdDImfwH+FeG6dCbqU/KSqjJAr6D8VWl74p8hdVWzihg JZEVieT3OetYkXhKC2HF5boB2UcUmmQ1dnlJ0seUu6B84+/zz+FQSWCR5+Qk+9etXWi2ijD6hbL/ AMBIrKvvDIkRmgmtpf8AdfB/Wodw5UeXssikhcD6ipbe6aDlg27PXitzUtHmtpSjoyn0YVmyWDHn t6elAtT0Dw/8aNT0y1S3u7Vb5EAUNJJhgB7gfzrs9H+Nen3kgW50ueEBSzMsgfA9hgV5z4H+HGoe Jj5oC29gDhp3HX2UdzXtOieBfD3hDTZ7uO1juJ4Ymdri6AcnAzwMYH4U0n0KTZleIbzTtdjh1vQr hLtU2xXMQ++BnglTyME4/GvNLlX8N+KiYFdLS5wwUjGKj1PXLy71KW9dwJGJYLGMDGegHHFWdZ8Q pfwWxeILc2xyspIIH+Nc1SN3ddTrp1ElZ9D0O1vU1XT1EY5IwwPNeb6xHdeG9ZbYxNtMdw449Men Fa3gHVftEksENzGzjkq3cHvVr4ioo02Ez7fO83AGfY1CT2kaSaceaJS1ab+1NCiZYm3IwcP1FdTp HifT4PDyxalMiTRRgFCfmPp/KvM7HU7nT4yqMrRkcowyP/10/RrS68Q6ikNohllmI24GAB7+gqoQ lF6bESrJrbUjW3u9c1l0tYWlmuHJCrzjn/CvZvAPgCHRUju9S2zX/wB5R1EX+Jre8HeErHw1ZqsK iS5I/eTsOSfb0FdCcc+/WumMLbnM5XHdOhx6UnPBoHXPJpe54rQkP4stSHPf9aUYWkx04yKYCqM8 g89Kc2KaoyOgA96X2NIABPPcUE9+9IeTwT60hPTvQApPP9KOhJFHBwelNyB0zj2FAD+B1/Cl9KQH JOelB4HHGaYDj70vfrgU0E9vxoPagA2Ck+7wM+tPB560A9O1FgIm4AzQP880/IPUce1BUHBosBGB ycfWl6dKXjPHWjGBzQAmFWgj5iR1oyMDNGSD70AKw46jn0pvJ5HXtS7uTz7dKRhxg8UgDGCN2eKF HuKcQOARnigY7UAKOR14prA5PI9qX1BHWlA60AHQZ71DdXUVsm+ZsDsO5+lPmkWOJnc/KoyT6VyM ty+o3TyykiJO3YCmkBozatdT5+z7YIf7zDJ/wrndU12CFiGle4k9Wbis/V9Ue7lNvatthXqfWqcN ojKjFVOScliQ3t0qZT6RGkPudcunH7kCMH04rOe5uLpij3oiJ7sSR9OKs3JjRxG9uhl6Eg42c8fW nz2cAEjiQ78FyOOc9P51m22BlLIdvzSO/P8AdpGkVgQ3m4PuBV+G13xlnJO3g4HQ1G9qpVsHdgna cVDuUjNeO3llK+VLsByuXyfpStBFbNJHJGySqxDAMCBj/JqzBbI5cSsTtYg4yMHpTJIv3hVR8o5z jjHp9eaVxWMxovMUIJPMjzyrdR9Kl0KPQbG+83UrGW7PXy2Ylfy4/XNJNH93BVWc7V7njr09KrWg eVgZCFUHLSFei/1NFwseg3fxFWO3CaXppjQDbGJCPyVR/jXLfEH4gXZ8NCzuIIxJcuoZ4zgFep4/ KsqbDsUgLkE43v8AeYensPauf+JSsFsEK/KGYZ/AVak2J6I5+71VnIMaqnoW5NZk9yWfDsWOCck1 Wmb96B1AqPJyxP0ppE3L1leT2dwk1rK0cqdGU10h1W81eOJ7+ZpGAwGIrjFYsQq8k9K6SxIEUa7c kDbxSlHqOMnsaqEt03c9TnpxXpPwNTfrN9IVGUgAzjplh3ry1Tt2BWyxHPFe2/A/S5YdNvdSlQqt 0yrGMYyo6n8zj8KIrUq56c2cEUZwoBopWGOTW5Ih6dTwabkE8H86fgDmjB6nGKAGk8cdc+lKM5xT 9oP1pnC9aADGecjHpS5GcbuvTNHPXtR2B4pAOTCtk8r9elMJBJwODQScfhSDOAM0wE7n2pxxgYpu cHkZz7U7HfpSABjv9aTryeKd7YoPoccd6YB9fxpCffn2pBwMHt0zSYLN356UAKScbTg+1BYAE5Cq vc9qDnuDnPWmyIJomSRQ0Z4IPf60gHJIsiB0YMh5DKcgincjnrTUUKuAAB6DinHj1poAAIOccHrS Yy3ekJJIx92lyB7Z5oAZjORSgZz+Hajpjnr0pRuFIAIAxnmkA546mnY9KOAMUwA9OetGBwaYWPbr Th6k/TikA7PPGMGgYBpO3IwRxSkA+1MDI8TzeVpuwdXYDiuS1if7Fpqwqfncc11HihN0drnoJK8+ 8QXDzX5WPIK9MH0pSdkBSlhjbGQwx1OO9RwIJVPkXDBeVO0n/PpVJYJY9ztJKF6HnNPkeRAoiK4H JGOvpXPcoujeshV23MP4mPGPxqVpZ2UCR1dG9AM/5/wrIEl4QI9qPgcHBFX7e31mdT5enPKMHBVT jFK/YZaa5miAWONBjJ+ccg+v86jeWeNR5QDOepIyKuWfh7X5Ad2nsvvJIB/WtWLwrrHynbApI5zJ +nSqswOYleRoZSVXe+QMHjOO9UreO4W3uN2GnYcHHHSu1TwRqLN889uozkcsfr2qU+Arplw2ooB3 AjJ/rS5JPoF0eZSQTtOZbgoBGCQik8k8Y+lSAy3JLO2ccAdh+FekR/DSMBjLqTsWIzthA/rWjbfD /Soh+8NzIP8AafH8qfs5CujzfS7Ga8vI44IWlcfMQi54FZnxB0x20+UzRNHJCPNwykHivfdJ0ey0 qNlsYBFu+8epP1NN1vRLDXLKS21OASxOpUkEq2PYirjTaQm7nxLK43kioXfivonWvgJps7M+latc WueiTIJQPx4NZ1v+z8oYNceIS2OyWn+L1djOzPErCEn58fN2zW3C5TlQ2/I5r3Ww+CeiQD9/fXsx 9RtQfyNdHp/w28MWhQ/2d5zL/FNIzZ/DOKnlbKSPFfh/4fHiDXUhvJ1htl+eRiwBIH8IzX0pYJbQ 20UFkY/IiUIqxkEAAcVVs9B0uyTFtp9pEv8AsxCtCONY8iJUVfQDFVFWGO78GlPX1o+8PT0pec81 YCelOxSfqc0oPFIBB1PXFIegB4FKcYyM80FeRj8aAG4IXrRjaKccEY701snJJpAAJH5elIcHqacO Rx0pMYGTzQAzHI/pTgeT1P40g4/E0uOMDpQApPygDqPxpM7hg8UudvHak7ZOaYATkfhSZPXNLuBG cE0mOQR0NIALY3ZYn6U4sBkY4xzSMvpnnuKYBnPBzQA9QMlucmlbOCCBj2poJzn5RTs4/wA5pgND FT7UM1GMjNGASTzQAcEinEYpFyQCaMccdc0gHYz3NM+nTNOxjnNC46cdaYCDtzS5ORjrSkDPqaOc 9aLAA6YHFHIJo47UH5eO5oAo61Gr6fIW6r8w9iK8h1CfZfudpcjPAOM17PLF50ZR/mVhgiuY0/wZ bx3huLyQTt1CgbR+PNRNN7DOGsbXUdSTFvp8sgU54wF+hJxXTWHgaadY31KZYu7Rxcn867yONI0U IFCqMADtTuvPekqa6hcyNJ8PadpaqIIdzgf6yT5mNa+0BflHSl5xjvSHJOME+9WlbYQ7tnpTR1Jz 16UBecZ6UuAMjNMAJ5zgCm9sjpTsDqfyoYkA46UAHQf4Ubhnmlydp/vDpSc4+bNAC9fqaPWkwfvY /KlXpnmgBD0pO2SKcOeV+nNIeTjvQAHjihRxgHH86G6dMUi4zgetAC5+bmjqOcGkI5x2PrQAenH4 0AKOcZoAyfpSNkEH2oJ5GDg0AC4GSTzS9/SkPy4LfpRkdR096AHA9emaCeeuf6UmR2pedpP8qADq euMU0cinDBH40cZ4FFgE7Y6UY45pGGcgjqc0vGQaAGsMHIFJjGfzp+MnPWkxzk9R6UWARcnj07Uu Tk/T0peD1FJigAByAx6+gpjDPB6ZzxTiueQfxpemcUWAaA3GDzSnOBuyGPoe9OHTGeTTZNm3L4wP WgA6rzjOO1JkZwDginYIXLEBc0wsTnAHPHFADyTgADr+tN/iGTQCAuO+KQj6ccUAPDYHIpCwA5H6 U3Jxn/Jp6rk/P0+tAAME8gc9s0Edhx74pFG057elP4IznigBPp9elGFI5zR0yc80Y9DyKAFxxz07 UxhnkgE9vUU4NuAGcfWkJx1OaAFUnGD2pAcEjqaAOOh96UfeOaQADgH3pMjr3oBOACM0pGOOvFAC 4Ht9aaOM45pe4BoPHzADPT8KYDV+9k1J3z+lNXnJ9aCQMFuDQArHJHAAxSZGfSkBy2QOKCfX1oAe COmKBycA9R+VGRtOTzSDaCPWgAz8p3cEcUD+VJwxINKDgc4oAQcZ9e9BAxxjJNOb16ZpmPmzyB0o AEHbGB3waUjB45xRnoMCl55zSATnnk0EcDB6Uc7jleP50jLyOT05AoAcRk5Jprc0gbpntTjgLgYJ 74pgNPox4pSRnpxSZLYKj8DS4BXrSAUYBOPSlY5x69qRDwPSlKlcDFMA7HHX6UnA+tHJxj/9dIOC w5NACMMjuOaUdevtRgY+WlHHXrQAA56CkHbHNKwDE9qVlKgAkZoAaB3P6Uo+bmgnGQcZpM+v480A OzzxigD5TSAg9eBSbx27UALkYP160NjA6EfSmv8AMB9c0Ekn2oAHOflP4CmjAJy3PQCnOMnByM9x SY6ZGQKQCAtkkjOKFBLHP5UoA4ABpRnPHBoARhkhexp+PlB564oopgIFGNxGTSsAQKKKABSSPxpp GH6miihgOUAkUh4b19jRRSAcFBbNMY7QAPaiimAfw09V+XqaKKQCScKPekPY/SiigBeke7vkihfm UE+lFFNgIeM4+lO6BfeiikAigEnPrRtBGDyKKKYC9qG+/wDU4oooAHGBnvSKSWP0oooAUc07GW5o ooAj3EfnTn4BPtRRSAjb+lLgEZPpmiigBR1xnpSjkgdjRRTAMYHHc4prE8cmiikA5eW+lAYlcmii gBDwOPTNKOSM96KKYCNweKCc5J9qKKQCdm4pU+ZRnvRRQAzpTgADwKKKAA8n8KGABWiimAuKRj8h oooAUcHNJkgZFFFMD//Z');	
INSERT INTO photo (id, caption, custid, picas64) VALUES ('photo2', 'Caption: looking tough', 'cust2', '/9j/4AAQSkZJRgABAgAAAQABAAD/4AAcT2NhZCRSZXY6IDIwMTkzICQAAAAAAAAAALD/4QFiRXhpZgAATU0AKgAAAAgADQEAAAMAAAABAZAAAAEBAAMAAAABASwAAAECAAMAAAADAAAA4AEGAAMAAAABAAIAAAEOAAIAAAA0AAAA5gESAAMAAAABAAEAAAEVAAMAAAABAAMAAAEaAAUAAAABAAABGgEbAAUAAAABAAABIgEoAAMAAAABAAIAAAExAAIAAAAcAAABKgEyAAIAAAAUAAABRodpAAQAAAABAAAAqgAAAAAABJAAAAcAAAAEMDIyMaABAAMAAAAB//8AAKACAAQAAAABAAABkKADAAQAAAABAAABLAAAAAAACAAIAAhMT1NUIC0gIkhPTUVDT01JTkciIChBQkMvTUFSSU8gUEVSRVopDVRFUlJZIE8nUVVJTk4AAAr8gAAAJxAACvyAAAAnEEFkb2JlIFBob3Rvc2hvcCBDUzUgV2luZG93cwAyMDExOjAxOjIzIDEzOjMwOjMyAP/bAIQAAgQEBggGCAgICAgICAgICAoKCgoKCgoKCgoKCgoKCgoKCgoKDAwMDAwMDAwMDAwMDAwMDAwMDAwMDAwMDAwMDAECEBAgICAgICAgQEBAQECAgICAgICAgICAgICAgICAgICAgICAgICAgICAgICAgICAgICAgICAgICAgICAgICA/8AAEQgBLAGQAwERAAIRAQMRAf/EAJ0AAAICAwEBAQEAAAAAAAAAAAUGBAcDCAkAAgEKAQACAwEBAQAAAAAAAAAAAAADBAACBQEGBxAAAgEDAgMFBAcGAgcHBAIAAQIDAAQREiEFMUEGEyJRYQcycYEUI0JSYpGhFTNygrHBJJIWF1OiwtHwCDRDY7Lh8SVzk9JEVBEBAQEBAQADAAMBAQAAAAAAAAECERIDITETQXFhIv/aAAwDAQACEQMRAD8A5CcA4FBdxLlRrx+dCBWOewQz7nl0o6rJ/oCPufpXFep0fs9VtXg5LnlVVmOP2eZPuVVEt/ZxpBzH+lWQEi7A6mPg6+VUHMK+zpRzjqF+hZ7AAuQI/wBK4saYPZaWH7v9K4p1+H2VuTsn6ULoqePZO+N4v0rvVGNvZaB9j9KR9J0uy+zfB/d/pRuudRD7O/8Ay/0onXXk9nDFc6P0qdFCZOwRBx3f6U8o/P8AQL8H6URE8ez06v3Z/KgOMp9nu+NH6URxAfsBg+7+lcV6kr7Px9z9K6nX6fZ9v+7/AEoS6X/q52yY/wBK4r19/wCrofc/ShuoY9nmT7m3wphGb/V3v+7/AEpdGX/V8gOCnP0qjr4l9nh6Qtn+Bv8AlR4sEydgivOIg+q07x1+R9gwR7ldREl7D4+xROI+V7DZ+xzqcRkHYX8FV4iQnYLP2P0qqMp7A740fpVUZP8AQD8H6VRV+t7Ptvc/Suo9/q/29z9KG6xN2CGcaP0ojj8/0Ab/AGf6VZV9/wCr4/c/SojH/oGN/B+lcR4dgvwfpUFYf9BBn3KqG/F7CeLGirDvmXsLj7FE4ozjsA2nPd1RQZi9nOVzo/ShOKk7Q9n4rOJvD4/6V0Q89hR7nypcN1KsLCJ4IyUBZozv8DRSzNd8OiUZwpztj/lVwWe0hh+s8C/uHqiB1nJEuD3a0BwzXndSReGNRjehwRXUJQS4Cr61wRZ30GB4wSq8t6UAZorSzA3VM4NHcO9ncW50r3a5P61K6tux4bb+80S4pBwauLax0jCRg1Ohq7uuGWwUtoX0NY/RVI8QEQkIWNTitSIx2dtHK37vlRPxGQ2H1pjSPmad4uZ5ezcaxZMKkjmaPlRXR4bGiltC+HpWm4JWqRzbCNQRuSaggbecPRGGFWk1Ei2s7c/vFU1Efhgtc+4tECFHtYNsRLmlxXpbSLA8CnzpjoYgLe1BGpF+NOCM7JZhSe7Tb+lYlcXB2b9nUt6q3EqrbWrEEalbVIB1QdP4monGhxsDJ2d4Jw5MwWkJkYfvHwz5+L8v5afka0hdmntt8ojeo2/pWuIA95ZS7NDC5/Fg4+OaYUVRxfsrwqYP3cSW0vRl/d5O+4FJp5as8S4R3TsjxjIQHI5HFHYiOltD3anQOf6GmEZ0tYdZGhedAdH7ezgI9xdutJ1YUmsYdXuLRQ2NbOLUPAtLKPua3hw3gX7JqIyw2duYj4FzRBAeS0hDe4tDRINvDpzoXyohdnihgIPgXPOhoGfQYtXuLvqFDLsDWkW/gUEimDCZFwiEjJGNqhtEjs4O9GVXyqCDctjba/cXcVClRbpIFH7td+tRDrw23t2tpPAoKrQKG5N+0yPTLIvTelGgB9iE+rQ/CqqOm3Dbhlt4/VDtXSqRNMxxuTg8vjUAELSNy7Kdj3b7fKmEKjB0B2rriXaySEEZxkUl0R5IxG2++/8AWgCHyzmBHP0pbgAhNalicHo1EQwcOjWNckgmiOLAbjyqukHBxTHQwL9oEn3t+dZaBE18zkrkis/yiXacOWRWJGc0nUHeGWKxuemd6X6KeLS0jWRnbFbGUQ7viEWkgjC16RFXQtBK7jYqTgedIBlxo0inGCAM8qPkcD4rISwIAO/TyrQQoTCbYlSueRrkUE4bOUgMRgHrVHDwEGhT5UCiB5aQscAt54oUXA5mz5gg4ogLaf2b9ifpjfTrtQbaNsRK3KVh9s/gHu02fjdTi3EEhQ7DA5BcClHpI084nx4yMc6yFODj186YanFN8Q46oXAYrp2w3XNE6nC3a8Ud2B2Ug7MTsR5Gp0NYC3Pg8WgEDlnzqBlviDRzoVkUYU4U+WTzomWXqKrubIxKy4PL/wCKJ6YAAg39acQ12ts/MjGRyrP9Libk488URGAn9KEoxyL4WPpTKI1mc5HnsKKuh3WcjP4qWR8RzL3e5pgm8JV8Rx6UmXfqyN16FaGKzzYDKfM4o6Jm5B3x6UVcDMRyDnfNDEiRLIfCT86IGyFlIwRnNRosbySRRsU5ad6GG5le0efWzn0pFcH7CnZD8KCo6c8KwbdM/ZVxThNAMgSQN5dKTDH7C6JuPQI/9K00D7m+jLYxyoaA8MwMg0/aOMetZi8Wpfdm7uOATsr6TvnRgfImicOEeJznNQgdIZGLD4Nn8qXXZA0h+PlS64fMrqMnpzphRbnBeDwSWglkdyxGRg7CnJlFX3kqrM2k8jgGlwzxwm/IXf7WdqXQ4W02qTUdsc6H5dELmYnGNsZ2pjiEi/IkQjO/pTCKmKypMNNDiCGWLYxv+tDtXMa2q83xvpxnzocqBF3OjNj13rUUD5OInPdovzqLoTXL43ycb71F0mLiGhcEgZrnFEywtJby8ht4RmSeRUX0ydyfwgUykdhUtYrLh8cEeFjgiVdhjOldz8/erPbeWp3aLjZLlE5HUpJG4pN7njXv6U/elY1DeDcHYbVBFL8QLM2/iwd9+lRGM38GpQqnWoUEY2xQy5w4eTIwYjTjYr/7U4okXZCyc9hy60TNZ2i/czgrGdyWLBvLPStR4+h1qqByxHXlS9UMMl8pYAdDj86TmUfYjBz6jFbC4Ow8WPShqCLL9XnzG9ERCto1GTvtzpNcI4gc71oITGdtPPFHJjdm3h88mlAzACrNjFDAY5wSozsRz+VEXYoGywycZP60MymzRnHL1qBQPYKU36UQwxoV335FahhIvCPoz/w0s65WdvT7/wA6Euj9ij4E+VKqOmvDGBgTfGpD+eKcZ4Euos2ehxV0NdgT3g9Qw/3WqOggUlztyNAcZ7M9xdRTFdXdyKzD4UuvGw/aLt8lza9xHHISdOWbAArQuhGvFvMxzWWAZLN37wKftUwubJAYyDzztSa7FhpQdufKnEZBa3UMJ3kVD0B2pOIryaQ6/TK1oKLE4czMo236Vj2CHwCRFx67mnIGBXl46qSQQx5Zpgum2Dahknn/AFpOiMklzbRs2RuOvOmI6BzXcY3xuaiFe7v2YLjoanEK/iMpGc5OanEOiQqq5J3qLg+pTL5URBC64emAQc455ofVF9+yOIHtHvuY7SZh6Esi/wB60zcb19rOKJBZs7CTmoAxz3xsazK9Hj9c/eI8UOh5lBffIO4CehJrEfQVfRcZgcMpwWYZODsPnQw1QcVupFjklMZdVC4Pugjz3o7PI9nxWCR/cOVGQynOM+VdCXRa8UO6EOJH0jBBEhBHMAqMr/C1HBfk8o7rxb42YAjUD0zQwmBSrwEZzoOT6b1udea3EOXHng0N59jiILnz8O9aApvbUMEb0yIGNq15/ShOCbOO7ORio6h2m5ODzoaBnEF070SIRsg/OnC59sLU6OVZ9DYxtJz36ihKijaTknbNdWC4ojjPkckUMuyXMxA36aaYORCYMUJ/Q04hQDMW8uhohg4tg2r556aznXLrt+uDJ86UEQuwsOoL8qqq6Q8MVkSJeYGR+lNFGPUqynPXpUQ0C6UyJp816cveFDDR4gCxJHXelxEOeVNWNvlSzjKFQt08QooLwtmVthnrREH7VirKeR351nrm+UiULk7+lAXEYSsBBoSGC7v0kjOkEHypTiKq/Y8z/WadIHU169E2CcxHSBuDQ3TA3Fm074yP60MMsXN2ZWGaiiw+GRfVAnehhFeUKbjAG/rUFEJ4otHPJojpLFuWbGOfKl1kv6DpkJPPwmiLhlyzasZpx1DEfiG+5q6GyCNiu5yPKswBtv7KLy3W6ltu6TvpdUiy9SoTBjPp9qn/AOmnBz2mwKQkTLpDSM6sYtBMg3UCWGWPwn8XjpfWnqMRz4vluWMUbS3YjV3MijUwzyCplq8h17BIuLRY1R4ZihbmGtgfz5UOUxQfi08phjjJifvUYZMOo/lrrpdq3NF3bnCxMo1Dw2smD8e7anOsdcHDJmaBDGUVVC6tKPHj0aJnYOv4l0S0ISGC6k1yR94B4thg59B4zv8A5qohki4iitpOFDAnJIAGBW/HltiE0kTqDHLHJtuEOSPjWpNMi54gQudYPnWoXWWJPAufzpfqPNp2OM9PyoaCEXDp5T7pGetZl3AwqSxkt5Br+1tmm5rqAnEQTnrtTAZLSDGCac6iyLWfAG55dKyqAX5wS5Ocb8qKjytkjPXaujmya2RItQbOeYo/A1dySd4KGYFIVkK6VGTTEMFv6M6SsGBBFOBmqSL6iT0SstHLft+Tl/nSw4b2HkKhKqC6G8PuD4c/hIo5dimLF9XQHeuuDMJYyJj7JXJ86gb7FywBWkl0OO1mdi2Nh1qIMRtuueamhrGgTkjYdf0onQhy2iD9MnNY+jA2bZ418sUMIPMbyKDjYc676Q42piRMnoPyxT6PJxDvlOPdXqa2FCfdTrr07H186iFueNnbC86XXNllEogOVBYcz1pwB6G+ZFOR1x8qoAW2uiGBz71JGxfvF3LNudwKITSROuBjruKXdC5ro6888BTRDDHJaST4Zd6nodjktpFXcYINMSoHrJLt61PJdtH7KSD2gTVz+jzY+OF/tRzkMPbjicJu3W6d1iJRgc5UH7DkdK8hr/X0jP1/TXPiN1Z/Ri8ciSF9IVsrjPU1jvQQ2QX1osIXvEDLEpYkkgee1JwwpvtBeWplMj3yQgBiqgb6cc81ocZdrW+TtFwiOTRGLi6Y76tZC59Bypzyy/X/ABYkM63ChkxjHhbGG25o+OoNZ9OdGI7NX0knZPE2fTyobjW/txxEPxDuY3EcMIUYY6S8nUGtwhDh7POHssnEZWJYd4kSMdycDvD/AFWiYjP+a/jYBQuoeleoeHXRYcOEkYyeW+BWHrXA1wcO4NBjxDOPOvn+vkLrgh4dFp8AFZePsNq322heMqw90Pv86+oZyYUdMxK5NegHAZCSRV1Fh8LsFlJJ6DG3WgUAUbhR+kMv2RpOaz/Tgfxa2SAIQeu4POtSHFT3V8+SNXhzkCtAw9bT+IilxDpBdGPLYocQLe+MlyCRjIxThczXkwFuf4OdY7rlN7QT4n+dWNAnYdc6flXQK6F20GkRfrRCiWPtDzOao4mQDTy58/nQ0MC2ALZJz1qLjlzMscYVRuRiiKFuN/CS3PnS6GBJ107DnQxDBZyNqyBnzFDsEMck7OdJG/SsfgTH9J7tNJGG5UXyhb71yp9a1+IgGSWHntnyrQUD2lBI5Z86ugnbSjPL51FzTLeGJSdI35VACvHdd4c450AMPuY/Tkc0MUIk1l13PkaYQTjOWVRzzQkXQOHRLb7k6tG5rzHtct8Mv1Q6SOR50SxQcvJ4m3rUiFd7mFVyQN/OmAll+zK8QdpLdTt3sVwg+LIxH9KYOZZPaN2A4k0dzf217J3lwVMEI27shXEneZUgrnTp/wAlYHnj6H661I4Tw+drqKC4QSyAKDKRgavLblXntPS5/GPt7a/sy2zHIXebwqp5eZz8KBmOb0p/shLNxa4EE8aK+JiXKDuthmMHpXp3mAuex4kjOWt4yY3cKmgR94obAI01L/pOf4YOCcVmV3hkjMOvSdLDBDc+dYbcWJY8VE6s5Uoo0rp5b5zQzDUvtxAs95sM6tLyN9mMksCZD90U5A25nArQQcOgwMd6iyN5nUMAn5CvSYfP96+0iSTTKD5716Qm2E4TdNo9cV4PcZZ3h4o4bGflXnPABph7SsuFwQaf8hKz7QX30keLkDkfGnM04qa6iUqSN8DavUdOFBVYjPpT4Jn4ZdOjjfHQ1m6BbE2qxFCW5nrWcGoLtLIC2nO6nb4VuRsRT7Y264rVNv2INkH8646eGH1TUvELcPvjzzTFIH67iP0Z9+S1nruUfbwnVJ86GOg9iTunyroFdFY/3Sfw0YiOdzkavMKc1iVxjhB1Y2z1phBxSyp4zgn3TTgweGyPM9KigUxbUc0uusSziiMe/PGazxUiNvrPD+dEDZJ+Id3IvU0RxMcNM2T4RmtRBySyWNcg/rUQn3cuT8KigRbBSxJ38qsiwJJUCkhRUQlX0zSLtXQ0Ph2VOW8q6Ax3/EF1HAzQ10S0mD7+tcop7sLde/HLfqelYiN3OHTcNjsB3hjzhg5bGflWpMwdonPMrXjGPOnWdPwzWWAyXOTKoUnPWnIgXdWjFlyT8qcCO/BriK1v7G6HhMF1ET6rnB/Q0M43o9ofFAba3kgJDZcbDOdRVR/+1YG6+nfFlrPwDgIl4hH3kpkneRU2CiOMk7nbm1YWcvS+vqqI7dxQT8SeBjmOKR41B54D4zWx+MP9a32kEnC7uWSACSNx4lyASPSoUHLriVtNpkCGMjzAA+VZ7UK/FuIQ96hLB5GGnI3x1BxROMvowSxt1BG/d6mwOuKz2gq/gNnLxC6u42UGCcQmVwSVHdHOz/e+8tbkjz+tNxLrAQdAoUAenKvQR4MtzaSoPlW4YWxwi5XSu/MV5/UZZ4ij8YOQaw+KHD6ApA6Z3yOdD4EX+O2sUdvkbEHHxrUmTCn7bSVwd8jFTRgPaNYiMdf+dOZ0oMcNC/SctgajtQNBL4mEGkGNsk8xmsaBtc+N4M+Ouf616uNxXcluVJyKdogxZxrpO2486zyYpKvhomThXs/3+/nWpSiyJjmCT0XGKx6u5Pe0JfrHro4P2LPufKoE6J24c28e3SjkhZbhtAUfCs/i5sisyEDrjJ61wNIkgOI2cgbsPTFMoB39yoQaem1MLgaTAgetLqJizMF54xUEMkEMhwc8+tRH3c25JVs5x50w4KT8Q0BOmUXJoiJpvNaDO9Z4yHLPCq788bUSAo9hjxHG1MOiMtyD6dKsGXrpdEec5610NjtbpHXB2IpmBl+WBdR671DCRCEVj/Sk0NClzpdTgYwT50vwMYlmZlzI2SAwAojpXhkXvCaXQy2t9Cr5IzUQXhmElwSR4TypNEziEdvjK7Eb/lRF2y/b6KZbI4Oi3tpEuGbfVIjhNMY/nPib7lec0+t4pd9nPFbe4vr241CP9nW+uKMbCR5UYanPXQv2fx1p4ony5/Gn15eWsnEbjv5NPeF1LcwDncbfZpfv2JWnfFJZLbijQ20vewzAsqkkgb4Iy3+7TjAr0slykWZovq/vA4P5aqTELccLd4J9R0DSEz5+Q/CtdqNoOBx949vk+KZ8nO2Ixvn51lZE1+VfEsbagpBVF90YKqB+AaRXqHzeh90F01AyHNyH81eohw/8C0EoT02rP0TXRIq4GME15guI9/MIwcZxRwwPjBWe2bxOSNwT0xWh0woNJSD6+VEdSNTFRnz5UuiZF4mG+M8qHQluWvDpXXIYttmsfoip+L64rhC4weR+Veoy0Chf3WrG3LrTgqNBKfzFLhGAtqi9akMF+wz3x+Oa1C6yLq3fumOAQyisC6dcy/aXbBUf50CVdWnYv7FaLrpBby5hQeY3xXS78AIY9cUMETHGGVe7xk0N1mubyRrdCdsu4x8lNDDLxdiAM9a0zDxkGB5iumBgMCMn50MmsSxvEMWk8x1obiPIpIY52PSmAA8w5VScbCuCMlvG0ikKNxVUB5bSTIzsRXBEyC50ZXyoaj9aUMCfKoGBszvtnrzoi77gi05yKuZMC2pZiM8+VRGOS00HfnjaoiZCWWNt8EHl8aq4yLG0m2eYNLBB8tqIzzpZR4WxLLtzO5oCi5J+Gxm0ypwwHOlw1b2sE0gKKpcjY+QztueQpiDug/G0efss7eBphaRBlJBy0I8Ub4+1Seo93hqhNZrwxRGtzB3h1LImsDJKKW5tk5zWRI9b1pf2k7P9/wDSO5eaFY99pARKrHpjG1XhLXVB2HCktt2UqcrhmHLfY5rYec/D5xq4jvZ4VjUR40rKgI2b74/CR4lrH42+9L91AJr5bdfDb24UE/3zRVFyRXzKssyghVTQhGxIUc/0pYRIXtI17w4/QLs8P4hDqZozhoLnzEkMupNX4o9D1uZ2x9ZK/C+3w0xm9tjca/C3cHRKh8wCxH8tej+nj+LrgvOB3yqbLiMQkJ3guPqpgfL/AKWtnn/S45bWN1bzDvEKBhkNzU79DyrP1A14wnKqcc68fSZw75O7OfKssRSfGpGC+A+HqK2Miqvjl3OeeK3F0ySTYEVnqPZbY+RpcJcHAeLPG2GIPSsuwMt9rpElKlfsvn863cNGKTmzgZrbPpFtjV8KiGQEgMPypeIH2Kgzb86Y0z1/xxrL9XjkMflXzbQDmR7YYkUSY9a9Pk7GuHY7Pg+VaozoLYliiZyMV0BYUQjxvWWWK9zEveg8s86YQ0LGGtD+F8/pihrkfGknPQ1qmRw2vI9Gwa4YSO4c46edELjMNso94/KuILyyrjSuPXeqk0OaZu6FWEZOF3mgnPWqiCksjM2QMb1wQoTSBXGeZ2NDLhZuSXKcs/3ogaegOAf0q4ghdT5A86KKkWl03nuaGg4xZt84oaB8ZJk088jHxq6GT6HPHCW2GTy60hQSFPM7tgnlQ1Vi8H4fc3C/VxO5HMjkB6udhS7ghxC9ighZDKmFOGlz9Un3xH/tMfe9z+OmPJzypu77YK94IuGOUiSSKGCRhpMs0vhN04byz9X9ynPxsSN+7O+ht+z95w+Al2to+9x70tx3n75yeru57xq8h6ev8qTmknTgCSTcODo7uVmkiRjI8rZGGZdenR4aEcaUcavEDHvLIw493S5+RxpFLmfSk5r6GVwpjlTG2oSHH5CtB56odpO0cTFm1yNL4SQoYKBgE0xQDgJAhPiCAjVK3y5UocWp2Ym7/vC+QnhCr5L5fl71Z1aEUv224E1lcNPExXWC222BWhll6a58Nmc3EG+4dCf9416x5M8XMkLOZGABByDRC6yOGdsePRJ3Vre3aR9e8cSRjHkJUatD0GvDg/tG41GR37W16oPiXR3Mn8kke2r+JdFL6+w+NnOGduOE3rCPW9rOdhFcAR5J/wBnJ7j/AOavJ+CfDnecMaWEk7EeVA6XUJNAY5COZr0fTAwsYMR9DuKEoyWpUrudxt+VKIYLVlDb42pdA/iU6kgeY6elbBuK8u5VKitAyz21mc6tVQsYNQGCeu9LhvWigzaxtjeoK214PZp9DkkPvaC29eS1A3GX2tSFjLvkAmtDJpR/Yv7FbKOiVtZsIlbOQR+VMApeVAyTk0uWYJG1rmiIZ7GYC3bPLK/8VLrleRgz/E06dPkkqdyhA3U4/vXBA8Sam+NDVYJ5W5eY/WiAB1sG1b9dquAOFWCj0NQwjwwNqPP5UVDYGXTyyaXDV5eA95q86GXDxGTIDR0HxIVznpuPnUMIcu65oob4j14yoogo2Ll8gEYJFLIOWkba1fGcHIqiNgLG2mvQY4kLaeo5b+ZrPoSRH2W4NZy95xCfvZPeWBX0qPVjz/zMlMSHFPdsfajw22t2hiZGBGEt7fwrj/zHGCf5ac4O58cQ4zecSnTvTohB2iTaMD+9L9Mo92WjkUqT9hk9JITkD5is83l1s7MTxScPt72N9RmjB1c/TFeLuePoMvVx9qe0VuvZyCTGIoJCkqAbCUDA1Y5feWvSf089+arkZ2g7QWk8jd2NQfcseZ3rL4Z6FwSQsoVdH2dWw29KITVZxa8iEzPCS2jwsx5DFahAGgle4IJbdjqK42ydsmkKbjaDsmyh1Q74PIep61jNRj9p8kMkUax+I6H1bjYc63MsvTR7g0Wq5Q8tIY/kK9I8kaVaFboLIgOR4WPKmFDxIVZccj5dMV1A+0hbW/iIVEdsfCoh4s7lSrLIgdCF1K243q/UbMdneO3ESdwspe2xgLIcmAf+W53KfhodzC6ZLcsXLHfND8kxWCRjn86XUeAOSRtvSaHKwtGkI/I0gED8atGiA6b5/tW3loRWEmDq9DWwcTLSZsjJ5UuAYJwdGflS5V6wcZGTuTUGbF/tFk4bKAdyuK87Ucf/AGjsSkpPXNNQdXvYaLVo+Va6jonCzGJBnkKYDQ5IvFvyNULMccJ1fGhiGiWLELD+A/rRBSnNHpxnqa6bPAjX6Kd/FnIHypYOg8JPOiBph3IPrQw3wc5zjFD6GPkFlHqc04IYFiVV9epq4ZPuywBxzzVQwtZVdRkcqWRMwu2KY4YSwqsBtvjGPhRBTRZ8FaZDuEGOZphwE+htDOYyc460NBAWxDBiMYPM0RRsp2d7EXN4kc8+be0JzuMSSjzQdE/FS65o7S9t7LhFq1vw8QKUBVpucVuf+Oah8OOK/H+2l3cPKIZHYM7F5n95yfLNToitLG1nlfJK5PvMxyT8TSYiworZozjKZ5YzUQ2y2LSW5XYOPGrZ6jlQjCxOxHbJ7FXtZs/R3fUB/sZev8j1iby9BjS8JeLTXsU3iRopDiSEbrpHLWD/ALteL7Y9p9VQ7djLbvc6Dz90uds+VSfJQ/441jjvtFxcWrN3ZSTKEcn08wc17Dt5HkvM7Uy0tcNKxOIJehG4OeoqdF4dLHh3dwqSMa3wMfGs/oi1OFGWymZnUMHGR5/GiuKr7X8TkePcaHuNiMYIjH/OtvLI2qq0jWGPvOWo4HwHOth5pFnKvKCG5jw1HUuKcgbnrjHwoaGCO8HdS9CQgz896jiYtyTbysp3DxA/DnTCLI4XxDvAueRTf5czUdbERFXt0kXkRj/l+lELpFvKysKJwmYLVtbt6bYpPhc8WFy8c+FGetY/kN7tKWaJm5nFakOZUHklvitbjUeiJyfzFDLnCGfK4PUUoTYFVtYxtXBVzQj/AAsm/JcVgUNy19pB2lHxp0wROw+dKVoo6DWzfVoOe1OlnpI2LDPQ1n1xkkZgy46UMYYE2tW+Cn9aYQt32cjPLPOiLikUmFXPnypcRk1bH0qE3hN4fh/WiGEzvlNTiGSNG7nV+VELl+S/YHccqgrH3xbOetECR1jGDimBGTI0710QThlGknng1ENMPFJFyEO5555VdQn/AEtzLqY6ieflWeE2y9nfZocTuXmuD/g7QxNKp/8AEY7rH/DtqkpsU8+17tk0Nu0Ucv0SyjPdvOvvzS6dra1Qe/t733KTPuNPFrm84jF4l+j20RBSJTnY6s6/vvmqCK6/YrFQCQoJyKTXOCWkcEW5GRpzURXRmaW81a8KoXly8qjq6bYOUGNz0pcwj3fCncd4AFfy6EeRogbJwzjLwNGkqviM8l2Yf81rL1luZ23Q4dxXh99BmLHfrz3wT/LXh9Ye4zpz37UcJb9p3cgQgpKx8I5GtXFY+59tiOy3ClveCSOcSTIJdWR7gUc6ytftbefxI4VbRLwoo4DyGXRg7lAPFmtjLIsLfEbu2sg0krd5O+6xDf8APyWpwn3jWu7Z7q472Qks53PQD7o/CK9ZmPH0TlCHwkBk5KOo6VoM4oz2ahmKgh0diN9iKgjNGoniYgbgYGNtxqJH5UusGxyjuGJOS7qcHoF6URwx2sgXhkr/AGnkG3PdtSihiDtgWSSIg/Vuk0JPPxRDUf1ohVsf2Xuy/D4VJzqjUfHG1MRY8jpWoTZ7ObRM3kaHS6wLa5AmBz6VnhpHGbzWmnGPOinIp9veFNnEQHxZowY3BMuRvy50qXF45MuP0oChne+KwuPw0mjmf2/l1CQ+eaGKWuxjbJTCOnHC7SM2yEncpn502VQpyFOKzwwtgSB5namDIpHalUc5zhG/XenFwOTBI9KGkTJ18K4386XMVH0sTq8xn8udDJvBTn4VqOpndn51FzxbSt3Bz+HFLqEe+wSa4E9Z8hkb9aiGFguKKIHsBpojrFboS2kc25URxaDcK7uEHrjel+l1TxRsWb4/1NQR1oThicH7FyxGZba4ktJZGlJxieRM+H1T3VWl2g4p9qZeJy8WWDibh34fEkKRqcxx5Cyf/lfVqkb+SpTZHnul193t4kZT8+VLorOXiO/3caeW5qIRuI8QY7b+Lr1obpl4FOViH0e0M8mcNLJ4Y/lRHF0WgvMAzmJccljT+5qIkXUwK/p50MVW93Kp5qWP2SB0/wA1CQHF2YnDBypBwCMqQfiKAnRT9s3ZyTKkmSxYONRPz51n+Gp7NnCu29xY2ksEaRFZy/PIIzzxhqX8GP5FfydpbmTKtIIQeibf79aHgn7Icl1rYgZdid2O538zTjLHIiBFkncPjbpREZZht5HYE0QNkLDdsZ0nxD0POiIDzMbObJ/cShd/Ic0ehoA8Yh7uQOpzFJuOoDHnj8JogRlsVU8KBAzodWcDn9W+aG6F2V2f2JDuVkaeeTUOgk8XP71RxdnYziKtaGLmYBCy/CQMagrZSIhlVh9rSa3GemWoXvznrQ6izFsM6T1rH6oW+KwMgzzNSUeKraQ6q2BEdetMImRMNVDQ6Wi5Oeo5Vh1npd1F9W5NERzb7fYw/wA6oaL3Yv7Pyq7joxwpZ2RFQFuuOmKX6XHrm0mUnUN+manQkQRMoyem5qGTPDEzqfLQw/SmOrqrEhMmN9vKmEhoEnhGR+dMREyHGjJ6H9DTCjA0i6qXcG44lbGaGGMNJGkRHXGKIIrdpMnOc43xULiFvqLZA57UNDZLEQu/zFMCGThVgkgy++/KoKdJuAPrRlGnfp5VF0jiat3JUjHkc1nk+M/s64IL3j9ujANHCTNKOmmPcA/xPpo5hb3t5uJLl7azDYhhR7ifTnIAGNT9AurQPFS7Xcyu2V88nGuIT6tUlyLW8XHJxJCgdAfRxpqgqhzfIZI5MZVyuoHmAef5UuEry/DpPJG2xU5AHUHcH8jRFEezsGnlHhxvzwaiNp7K1jgiCKMYFEXQ57pcc+fPTURXc95liO67w9B3hUfPC0uZY+4uSinuyD1P2Rj8b1wMuTwKzHvCCcZJByvpyqBE+64WSDJET4Th1Hr1qjoEYWKg6iRlhjPLoaYR6GzzgnfPnnzoSHERYGwG3UVHEtcsjD7R934iuqviXPX7XvfGiOJgPi+W/rkYojjLbRLPE9pIN03jY89JPIfA1EIMIkQPZTnUGLGFj0I+xmoGGcN4k8NrxFNtKxcvISfVtUQ92PCpn4Oirj6sMADtrP8A8VRAjsLcv3k+SRjuk+PdlqFRG8/ApdVuud9Duv5HP96YKVYFpDmcnlv0pguswOy9az66R+IzE86XcIbaMjlyrYFC2jGSR+VMDh+rDUwixLWddPrWPwvxkupdcEnnjP5UQw5n9uSfHVXGPsIviT1xQlHZ7s4LWK3QkDUUrz/QEXixWR8oufeAH96FkIhw8Nm3Mq4AHKtkQQgYLgY5nH57Ut0MnwLDHN4wMk45VHDxc8KWRMovwoudKK7ktJI8q3XYf1r0ZgKOKIGmvOBGB1FKI8IWeNiT0zT6A9jAv1mTyNDRYfD5IgrH0/WmEB5pRJIR5UmiweBXSCbDHB/TFSCrkm4miqCNx4tVEXU/xXiGr4UuI3H9jltDDa3982BqeKHV5ADU36stcqNdPbNxmOOOWNf3nESImYZ8EdrIkhQ5+y5NArUcs+M8TbVaZH/dtMbHr3M+phn4OfDWeIr7impZ5DHshOpgdhnqRTBdkuZUumtbiNA5SNYmXWQJDHtnNRFrcOtmhhOUiWRihGCSArdfVs1Ax+5ZhFqldII+euQhc/BOdEXJxlRlDahobkTkFgOoQ70N0utLH3nhaQluepNP5E5oTiObWBzqkUv18TlifhlqiMdzeWYUqsdwCgUjSgI8qiFGLikSTiTSWjcaJFYY28/lXVWPiFsbe61bOrjUrHk6+f8AEtEXOMfD8QiRZMo+ksdsAHkaG4XGlbUVI3G4NcRnFu+xznVuAfzrqqSx+r0YJJKsDjYVHEiVV8LLuMKW6kGmHEeWFyoljOJEfb1yvKhuhdy0N6oye5dtSljzinXSYyfwv96oikWmZXuYpFKyzCFJBywQ7d4KIEsi57RXfcFY1eCNLfDjY5Y6lGPKohp7JwolopkJMkp1Ko3z6uaGjbzsxKhhZhyM74PnjSD+tMAVeFqVE59aKXNdzIqrnPOlhFaXcgYk+lEgivxN579KcEZCTnOedMIwLu1RDRAu1DQTdtMMmdjhqEo5qdtpdWv50qg72AUHR6VkVR04trnQifw15sJaXD+K249/cmuZJB/G75pF+rGM0x6EhTsY8KC3R1P502cJd0FM4boh/vWgGuSLjCCAbchWf6KKvurppXJx8K9hlcvzxDJ/MfOtAQPg0YbJ36VluMdjcmSUx5wDtTEQ/wA3D0VNs5YdPStjjpP7plQb8tj86x0HbaNSuT7xFJiJFnasZ06etMBrMitmLLGzYx+tOCA/FLOONSaXMNwPZ4yx9m0LksWkum076cd5pGQPULWeccy/a1xieTtHLG2FiiEPcjHRo01n1y9J040/utJu2jf3bm30r/8Acj1EfoaXDVZ2nkZJVgJy00cI1Y2yQFJxWhCy6LWeCCyFukF5L3JiYlLfGcHch2xsagqXNxPiTwoYLeKyL5jQzfWzHHizpGwphA+PggEne3UpuJxuZJn2T+BOQpdwTmlh0t9rI2KJ/c1HS/38WDnO42A8/XNRHwbuaQAKY44848MeGP8AO1DcDJ420nGRqGNXT864hH7nKnJ38ulFUPHBVW5ga1kP1iAmEn15pvQlxDhYlNuY2B8BZQPKojHNCEj15z41BOfOoj8tpDHqyA0YLaTzKH0qIwGdWDHAUn3huBn0oqj7iZwG048Y+1uKiIcdygVknV4435yKCyoRycY3FRCnODJOSzxpIgZWcbRTAjMev+PxR6qgKlOIXMj3W51OqooJHiABO0v4gPDRHT3LEwsIkII1yENnmS2+TREX5LafReDQ6f8AvU+mFB6yf8IFLo2J4TCLVYIMjCQAE9SwOTTCi04GJnzmmCh/a2Zl3qiEi6tmj36GuBKzkxrP5042EgEaaOE/YRls0Bw520Zzv+GoqG8Vkwjr1KVwBzh7Yrs/zpNcb7BvjT61mVHQlC5RP4c15b9JimGxk01nLg5DeeEZ36ZrK1lRIluRvpOK3eCFuSUaiTzNLaFNFmQYWJ6Ck4EIWxjOc4PpXrI0Ee+tVKhgMYGKY9BqnNrNljjaidKcTOG2baw+mmIuueQ/VnzFaF0itJXOpifj86QDMAkj7oeY50sKYOHS/XKPy86cQQmac3WOXunJog4deRvI25zgbetAEbC8M4otlwSOPUniu7CzaQuR3X0jS0kpHMrGJf8APSxxqP7WuHRHidvcpE4hmS4tSJM6jJZzvEHOfvjS1L2GHPi9LT25kj9+GXK/GNm1jb0FLoTr+RJeJWM7LlHhibSPP3cfmKcLtlLSeZrfUcGV9Q05woGdgaXOPW8bvdvrxmGOLTjkGk9/n9miBsbQMWxHGZGJ8WBk5G1QMocSjWE/4i5tbXG4VpAZP8gyaIXIYueFamL8QLBdlEcLkk0RwUHFuF6j3acQm5EHuwvx5+tR0Lmvg3u2ku3IyzD/ANCrQ0L/AHrFh4eXMcxj41EH+BFRejOULe6ee9QRsJJYY1yLzc6m33zQjCv7q1bQx1DLjDKTywagYEynSRj3eRHUUUMNkiOBsfEM4xUDYy3hG/u1EG4mbTzA6+IZXfzqIROKWsSOSkYSRgw0g5guIz+8i0H3H+1H+OojW8Tv9LlKF0JfG4BbyxvTBdbfCWlmfVNgog1agOZj8+lRdeds0l7cWpbwRW2pxnIYk9cUNGzMIQpqxnfn68qIhkikMc42znenwV6RSExg9az6hE4tJkfCqRxT0o8RrUHeztR0FLTdqAizFhXQG61l9AVpxDJVyfJq0w3Prtl7rfOkxU3sK2Gj+IoobonAw0R5PpXkeFhyaMmLPptRsaDK/eqIfUVqayYTbZiQT6ZoldPdpw+N+fP1rydHMh4eI1cD7SUnj9SgcNqmvkQSM19MJrE+ghoPPPStTkdA5LNO7wR8ay7Bwu1Cohz05VjmEjUkhO3Rh+VD6IS5owX9M77UTpcvrlnKgcufxFaHSay+BoVuxk52bHpS5gwcWnVWBByW941IgB9MVWXPN9lpw4v/AIt2fur3g3FLaOKPNzcdxZd3INZNjDAJSx5ankjk/wDXQ2g5+e3jtldzzWNosyG3jsItEifbZvDKRJ1fWvvUuG1E4TaTwcLViuAxZg3nvzPyrLQpcWVfo1tNGNPdTPEfL/aIfnmnEWzwe9XLx7/ZkUnqG5/5TS4i27aHRL3sjBUSN9efIjO/wxRIGoTifaO64hMy28pseHr9tfq5LjboeeKYLg1twy0QAogy3N5Blj+eTS65hAtl0nWmen1Z5mmFEYzKFOBqPnyHrsaG6WG8Q5fDFRxi0vFzOzdQORoiPi6iZO7IJDe8DjrURsXwa+W4tyftrs4Pn50IwD3cYOokbeIEVEV+YIwOgDHfqcV0JjODk89PI+lRVCYajtg+hqImwStkbR58WNWv+zVEC+K3Ie0k1pGCA2rTKRyGxEci+8P4qiNNUZmc82ZvzJNMFl5cImnR0QyO7EbRqcRRBttwKi69+CytG+p2LPnDE5NRGzNjeRGA6fGTkhQMgH8ZoiGThs/eBC3vDUGxtuDRAF4LMAnyrLdVvxOUEH03pzK6u9WX+NaC74PvHNMKDdip7xfyzS4i3IigjGTWPWer3jBTQ+n0+O9acRzj7aK2ls+tCMs3YmLIT5VeOOhFtC8hRV+7RuBrUNqwTBHIb0h/H9l1d3loFbz1chWwcTLSLYZGNmHzrxGzDHcXcsJyP+iKWDWhwm6adAW8sVsYwGMWwAfc7jVnNb4Y59LBIHrjaiCnSKwjKbkGmQlZ8VtUjyBv93FDsED+FWDBtXPfesvyIIXdsg1DAJztisu5DJ4gVSTjes8uyRSmOVd/eOB86YEL88c0j5LHCvvn41qxFqcG4ILm8tdW+meLbn7p1Y2+FPGF7e123n4V2asZrKaW2b6dJ9IZNKySm8jl70ucebMtDNuJvbuNZLSxkJCxQo8Lb5wFd2H/AKqQMq7juppeHWymQolxEyFT7owfq/zoZYP47dgW4stGC+lww5BohkD50QYZ7OXXeXdpJJg6y0KxDngDLufmPDQwjL2o4j9KvI+HxyERxlXudGokke7FgL/moYhu7iFWUJGhKhlVQAcActvnRRC/eTQxkGW4ggccgX8R+S5q5YKiu7PpcFj+GGRjn0ytEdCJbnWT45duWtEX9N6gYRJIcZ8jnpUQTaXvFJI1Kw6edRAzvz3aq/NH2JGdj+dRDnwS/W1upFkJMcyMF0jPi+xQhDpcz5jyfAfLrmumFcSsSCc/ez8/jXCwMszHflg4PrXVX3C7as8veBJziogzHICc6gpzyOP0qIU+O5W0n5H6vO4332qI1MjJ8yPhTBZd/C5pTAHBPg+C5x6LuaIi1bWaMzDWzvq30Drn8A3pejtz+zvCLuSNwIu7gLqYpH+r8JHiGj39jSfpqzJsaBYL1Yc6goXxeea0MsvUXW0UfcZHOtAJSF2feHntUdLEYGoVBH5PjXTBc0WGCfhypIRku5m08+tFDA5H21N/0BXC7SDt9MjK2PWlBloexu2iui9nJ/4qhl+K+X51xZ0ZTsxcWcgVwTgbHqMcs/8ADTuQx5rZpNgpr0nomS77g8mqPbB/5Vh0wKNwVkx+f51n+TBT4xbKqgEb8/zrH1nhcU4JG2nIHIU5kUfFq0jeWeZHOtQIQNm0cZK5z61Ax2xe4kTBBA86ciBfEYN8ltx0o4Yxwy/jEeg7Y61mHQeaz7yRmXbPKhIHyWyoDqI8O9U8ro9nZxzOHJG3u1BCXxCfu59KnI8XwpPhNtn7HYzLxCecqDHBAoDEEgSyvpXHrs1OG2L/ALRvHI24enC13mlBnHmhiyyH4nGmhmI4Jdob0TcADjY+BWHrnBzS4oxHHavwq3g2VzHEAzHGPdL6OlDdM9zwxJs5G5C8sbFd0fNQFrZHxN+H3EpRkeWIuIuoQttn5VAFgcBULAZCl1cyTnW2gaFYnzkPSgNBad4LuWFNbR2cOFyijGcbbyMy5q6A9tDaRKRE8TP95UDH/d/4mqFnwQSDmR+XU4Hx0KtXQomZSCeedh8q6qENcqAT7u/xzRHBiONBarJryX2xmhuh4B0nJz0xiiOPd6oAyx8I2/6FDdWCl8HgQk7jmDXBwOWQYY/e5D48jUCBtXhztzOB8OVdVY1lGfeffSdIJxvURMhlOWyQQp55HL4VEC+0TxmxfMun3VUHfPUgCo41ts4kkkCsSoyPEOYFMBunXYb2bcNlsj3888q95r0riLO2MEjUdNeX3p6jOWwkPCuGcPwtraxQ48OoDMm3/mNk1h/b0HmGG24gcsCck8sajWgXJ3FvHco2ckBc48q9Zl5fa8LCzaaEb7VoVjKr7QWgiY9KuKquOTeioxtkkmmC5gsGwx36UNHpXyw/mqIB38h7phnlg/nVwGifa8+Bqzxlkey+4e3nt5096ORGx5j7Q+YqyP6WrnhcHE+E2t3bEGTusxnGzr9qJ6CK1hMWhjldJQ4ZTzStWUMHlGudcjlv+dMdDOt5bDwnHIf0oTrW7tpa6YlddsDlSekGOxqLNbKcfKgYcP8ALw9hKcDTvWgGmloVOHI+dRQctrm0CHBAzRzBLvrNZGLL161HC9Nw3u0yWAPOlC5YPFO7U5PzqdEVHfcaklYqo+8D57b1Eeh4lcKqqPtc6WQyQWgdiTuSd810Rvd7M0gsbG/vLhhFa2uZ5WJ6iNhk/wACav5nqojkTxztVd8U4jLxCR3Bnkd4dRzoi8XdR/5PDSNajSi8Ui04laDfu5u+X+FvF/WgBi/Z2+tJLRPpC68DSTzZMdauWR+0/FLdbfRw9XRGjUySl2A8LY7tUPX3agrWOyte/mWPWqaj7zHApgm21s+E3UNuqoJW2x9XIdIwOeVakGoNWltFobKnWOrxyE7jPOVvMUVGVpgqc3z4sbAf1oKFeS8258tVHLgZkyc5x1Ga6oAGB3GfIsMmiOCYllKLHjZeY6UN16MuCdW/p13qIyldjgDOcjbeuLJEErBWJBbUMAetRGLv1J3P2MqPLFdVY45tQONyB+dREMzZ3Jz0yOhFRGW2xrJxuep86GuX+1Eq90i/a5kep60QJA4ZwSeThU16sJ7u3liDS8tQbZwPRPtNTBV0y9ld8zcMfPiKnST5bV4P5H0L4zZxknWxznTuT/alGyB2F1sNxkjb/wBq04zqKNIZIVkzuHwTjavQZYGl8dnbtu733xXoHl1Y9p5maXJ/Kqjqn0tq5VETjbSk5xTwCRGrhjkGiIyxRkldvvUJQO4ha4jc/goaNDO16+BqTWM/s+16o8csUSKv6IPZh2kSC3js52+qf92ScBXP2Pg1HuRl4druzKyfXwrpkHly+D/hNZorR6+vmt5yZYnjVPAx5gE7jf7tbASTfdqbcxjxAnpimAFD9pOMCa3IB50nUHPZ9fqsBU80O3wpeCLjvOIMZzg8wtPlyJxuI41E7nfNAoarrC5cuwLcjtWR0I+ycTljTnmlvShHu+N3LgLnAI3PWmPYhDnuySq8y1MCGCxstPjYc96cDNENtHqJI5PsaGYNECxmYAHVnbA61KYbndrrCytuyDcPnjRlv0xKpycg6fL4V5/WuN/Ge1yZ4/2Ya3jjWAGSJUVY2B1Ntyz+KsfOmrrDQfiF6i8TdchmdGilB2GOf6V6R5eq44FhZWjYkRkt1wcdCM1AixfXRMUserUqzZU9cHnn8loihcsFha4jEzFYy41EDJogbcVFnTDJNqjOnHdkjb4VltRI+lThmQzSMuORwc/nvREJckx1b9Qw+OKIXA5saTvy3q4ZeklYse7+1sa66cRnSo8uePPzqI8xXrnON/jUQQikUqD1G3Q1EQ55lCjA3xvUQpzTt3eNvs8vOogOJdK5J5jO3ma4Ehx3OGG+OlFcTIJgRIvPJzUdNlndRBlLg4G5OdqGIQ7zTPKdPiLnbPx6UQN0E7P6brs81q0QjKJLasoGAToyHx81pyACnshjYWk4OV8bRsD0Zds/pXz/AOR7/wCI8ca1PO65LDxAdKx3oFLwXYSTBb3NXOtRj1ZnB+J944jICRtgBCdgPOvUZZdbMcHuFiUhl38W/pW48vQfiNxaPE7NjUAxB65psJRbXOWyBVEFW4g4xsKYUS4LsFjqHL8qIhg4YyTXAXFLiGftfwhIbUsp6ULojlB2rPgYZoJc6+z24Cd38qJHHSleJt3IwceA8vSmnW+vsq9pEd+g4ZfP/ikDGJmO1xGOh/Gv2qHqLr54vwOBZRI0YdWDLhtwNQwUccj+GswVyn9oPYifhkrXVqZHsHO65ybZifcP4PutTnS7W9rpmUAnNE0i0ezV2sQbfB8q5kNYdzxrSwORXaAOS363S9OXKhhKnv27pxoGNt8efKk3Ez6S7IOZzS/HQ+aOZYlLDHvDHpTEyIXLNgZcnkD1rQMrnUq6gLWgEsQcPUwDbcpt55rPqLP7A9hxNdLPcZ7uM6iCcAKOj586TMFv2ndqxe8QWC3bMUJ07kBcrtj868f8j3/xRrJdcRGk9D5dBivFvWtJO0fZTg8srzIJIJGOolGyrE88q2a9TjVeS1hqVxDhEsTMEk1DOFYjBxXq+vIcbPcF9mqz9geJ8T0a71HilQk7paxSsj6V/GR4v5KcJNOOCWSzz6ScacNVHWzotem6n7wrKaj4MjIBrGphyJ6jlRAyJch+9YDK4PI9KYJF2VZPPrviiLJkQXOeXT8qiJizglvMFc752qIhxTEkjJPvVEZ5JwGIB6Lg7c+VRH00jdfs70RwGlBYDnvuOtRA+WMaF23A/QVAwsw6jvkH05GiODsVuqjkcnnQ3GJgNJ/QdBUWGOCWjG7ViPdGc1EdIIYljgUbKXCucDfJRa1Ml0fswPo19exrjRMVnUeRk2f9a8P80e8+GmzisD5OvIUjII23ryb1DVu7tQbxY01jW6gD8JOSc1uMer8hsITKiAYK6RrxnNaGaXrYy5sII1Uq/eeBdzs2/wDWvaPH1Q/ElPf8udLsstqBgU4O/Zc5zTCiRbE6jnyqyGDhM+i6Q5x0qoi7e10gk4cfPRnakhHH7taPf+dDLCPYrPg+VdR0njhPcRt6f1ptVW5kminWSNykkT6kZdmQg7EV1x2F9mftFi41amzu2QcRRfGCAFmT70fqPu0LUHWdxXhenVHIgkgkDKVYZBB5oaAjk/7QOwj8Km7+AO/D5H8J5mEn/wAJ/wAP3Woaij7WXxD1qBmyQ55+VMACETMiE42xWo49aXKyqSRkrqFZ6CFjOqzgtyzSbop2i4xFIqxxblvLpWhVy33K90NsHG/xpdGS24i0bDV0rQzQ2wnALlruWOJAXLOvhHPfpU1TDY72gcVHD+FrZ2cgXvCWuZVJ3wu0Qbyrz9b+cuTvEe1hVigUAqFJHw8q8vXqRSScGPvGOsv4h+VeXega18f4hkeE5zqFegxHl91U4tWuJYIk8Uk5SNf4j4a9JHl67OcB4ZawW0ViuTCkEUTY2UqP3jydNP2v4619M5x8uuyL8K7QcStGORaXDxofvRHxRt80K1miGaEunrjkaTaCa8SyJpPPoa46rvicTBwxzumCemRTpctg5wD8PKrBjENirsM9Q3XyGa6oXO40ucnBIXFEcDlRlYnnk8j5GhusqwanGrCheXrRHEuTu1JO7E6cAZwQaiMGSSNguOuPzqIDylQxHvMDsc7VEYypxuQDzxUBfbTZI2Bx5VESAoJyd8dPM+VRZYnAsBiCMMfyqI3supDpj/AiL+QrYyXD7Aj6UuTgtqTP6ivMfN+R6T4f2tgO6SSEFxrO4x/Wvmz6Wqf9ios7yYDOdgeiAf8AFWgz+DkESK+X5AZNOZU0uQ26yW6shycZyOR/KvpDxSj+MRsGU42Y7E8/nS7I0SH57VoE0gjn6U0j0A8RPXzqIkW2O9Uno+9VRsHxNo24YxzuBXEche2P2/nSAA/2CXdflXRnQy6uwLaMDnpI/vTyivJSS5P3t/zrqIMV1cQSxzwSGOWIqVdThgau67Vezn2iWvaG0ME6d1xCKJe9Tw6Jcbd7D4s/xL9is2xc+8U4PGVkt54xJBKjIytuHU1ddyY7Vdh34TeBhmSykf6lzuU3/dSY+0Ps/frPKUptHFrG9E6XMt3JCLfpmtPp0n8KCIjnzpUsF3UmWbAwSK4ZAraPDgtuQc7+Rq4SwBOpbHLHOqFgO7ieSZUjQvI5VVCjmScYoYrpX2W7PjgHB2adQ3EbtCztzFvERjQD0P3qG28xoB277Tl5GLAkkY0nl6Vn1uuf91E091GATpdsMPQ0ui6L7iohhWCRfFGirqHI42z+lYdy2JtrXfSF5GOS2TkfA1qR5/S0OwdgZeJI4G1qGlP9E/WtTLL03wluXHZ/jia9Nxc26Q2p5Hv1Se7wD0+rgZa2Kz4pv2pRLPHwTjiAaeKcMtO9I6zLCuf/ANf5K8412rZVSpJ325DaqohtMQqZ+YqI+LuPvLbbfQ+R8DTxNWU0Bx7xBGrIHWoj4sbsxzqD+LHljFWQXQxyLryD0wBvXVQ4xc8g5XlUQNlLqykgAdf70RxIAO5YgYPIchUQGkkTDZYA+eedRABpk+8m/XOagKRBcwY8RLH7qCoieVGMldCnkDzqIyKCcbYxsKiLM4BbM9xHnq65+Rpd1uxOp078yM/rmvQZALeplYHqCrD5Uvqd6Jm8sbAWkyyW6lW0huZ618f4+0dSIoWUctWT/wBZpguFzKVJXTrcnkP6USFqtCwaQxlWwx8gfPaveZeY0R+J8OlxLHIpU8wCN1bypxnqPvO7gkiV5IVaXXoEsogjPdo0hzI2w2FP5efIfBuIST3AivrmWw1QfUlPo88IlbkZMoM7eHVWqTWxd2jQzNGXjkK6cmN0Yb/w8v5qXMBg60MQSk4gxtnXPNKiOena37fzrPcPvs+RcJRYjcC4Viq9ad4qEFiDv02HwqrjESDmuOj/AA3ik9tMk9tJ3M8XjjcblWXfcUvEdjewXtCte0FiYpdEXEokAliJwHxzmh/C32loPFx7jXB4JopLW6jEkTjSw+PIg/eH2a4jlZ2s7J3XCbzu2JeB/FBN0dR0P40+1Sfll1WkzFl58ulMHGdZAsWT8qIIFR5JDH9aIo+ZJct5dKGqHS3RRmJOMHc0RR1L9mfZSCy4dFxS6TVd3cayRLIF+qiJzFgfj96l2pISO2XHiXYayWXU+dYIO/LZvOh1uRz741am4Eg1Ab6ioGefLB+dYfWgquDg5ikyT8Dmhoh8bhHfBixIcZAPrXS6h79hrAB2Ooeu9HJt+PY12c18NubuRcm4n7uIn/Zwrv8A75rUyz6szt5w+Oy4V+1JCfovC52fuxpH0i6uE+iW0W7e6qSTSN/BTlLKj4fniHY4cFZS1zwqwe6gZti8cV/cRgJ5gwaayDrTeGfIB3JGzChCMcsbEZ5bLvQwweCdkd0O6MG35b5p0sN/RYThiNQO/wCXrQ3X7HHB3i/Vjm3P4NRHFfzWwwGjJTBzp5irqp8NzkYZcHzG+aiPqWJDzXOeZ5CiOA5sI2PvOx6+VRAY8LXUToDn86iJsfC2OMxhPjpFQFOm+j2q5Co0h5DGaI6UQZJG1Pvnc/8AtQ3BuNRsfKoi8OzYGiTYlj3JU9QDIqv+lDdbW3WC1bYIEbc5qgSzOBMndhSd0fZfjXzP5PqvpHx3sW5HEvdnYZO+ay24FmIIjN5jxH/limCwxwxlJXvD3QUqcnY+fSveYrzmzvd8CubqImJEGgctlJxvtlhmtjVZTkx7RxJPxGa3lTQbYLHEMaiDJpaTPxocjIpEsuOyQI/D7zW0DRmNZQAZrY45r0dB92mwG6/ZjilvDYQw38VvPY4xHfWiANETtmTwh9/taq2S5k4nweWDEgIlgk1GOVPdI9fJqX4urKXOlwQQQMYO2KSMNJO1v26Qrgh2NlZdGD5UaKt7oxIY1wM7ZrQDQpYmPMb0oIhiP86IjJHCVYH13+FDRLsLye1mWeGR454XV43XYqwpeLuzXs/7f23aHhzicJFf2g+uReTKf/5CD7jn/I9XsRh7U8Ltr23azmj1d6Ujhxs4nY5Dxk+6qJ4pKMlc3+O+z3i1rxSazgU3MSIrrOSI10ty7wswAfP2aTtEmWRPZxxYoxlmsbZVCn6ybUTnyEStj+aiGPKq+IcOurMmOdP4ZEOqJgeWh6nS/C/HazTPogjeSQ4IVRk0Ol26HY72XRLJ9M4zobBRorRXBBI3P0g/dH3aGc8tg+0vaq3IKrIU09F2IwMKqDyA92l2xxz04txLvmOGJwcqvo3OsjWmxIW1iLKemBzPpWUcI98CoyTjHSuhqc4reB4l/AXQZ6b5rUZ5a4B2Wn4neaY99LrqJ5AHqTTcY9dmOH8PW0soIIFCpAmNhjJ6n5mvQRlueP8A2ieJP+y+GWus6Zb26mZM7ExQxRglfTV4avoMjcM4lNwvsrwDtEv1lwZLjhxQ+7JawzXDsp/Hkx/5KxB1Xca7j6Sl1a/90v4/pEQ+5qLCWI/ijkDLXDIWy+BSpOORXr51UQHd0yc4J6etQNEkugDj3T0GdsVYIOhuSZAc0V0HbUy6t9uu+KEXD8F49gfCeYBrorKsjscYJPTdqI4jNDPrztnmBrqBsebvHvaMeTio4xyTiNST4zjzoiEczmVsk5xsMVFDxZx5A2O/XrQ1h2YHVoxvjOPSoiz+zE5juYM7a30nJ6HahutuCrZ3+H5VsFEjmPShoIGFh4kODjasvc60Ma4fOF8YDlA+xGxz5ivmf4+qGySQlm0DOQxGDuN+dRAO1kfvg53IOQo5YHM1sdJrMsZH4lD4GdmSR17teZPn6Unm/pjTn37RuCzWd0rImZJdaBWOrEkXiw/nhNVe8y8PtqLZxwzs2mUSGJMHVqycD1rUYK0uzl3dWV3HDCS8d1IolhcEqc9QB6fapyUHh9g7cTWN3JD3jw2UguCIUxNqCBvq4kl1IHc+FfuU36D4K8D4xFfcPaaNZlKu6FZnErDG4+tCprH8qUuK1o7W4w/wrMWZuxsDPo38qKo6h2VsgtUz1FaxMt3MS6s4rMFQHs/Dnl5UdcryhgNxUFQp8Eg8tQ/pSi6wOx3G+J2HEEbh6JLcXOmFY2BYSFj9XsMcn8Va8R0b4pcXr3ZtZL61F5axxLctAf3JlTvJNCHfW/8AuJS3rjQznqgO1naSFF7r6RhVPvMdyR5+bV42vZxpXde1D6pwEcMCwVnQgPg4zHnmuaJ0odOy3aZ73IucGNwylWH1Z9KX6YbqcB4/weytTaw2oglByWXDFx/G29bk0w/Kp+1Ham7kfwMVDjbAwQfX40vdHJGvkvEHIbW5LNzOScYrz/pqcDreZsa9GPdwf70mgfNxZY1wq6dmBbnk0QNS/EeMEjVz88UThch2cNxxC7+jxDU0rqFA/wCvKtjjHddOyPZew4bapFGuWAy7nm7ede0xl5u1aHEOM20cZBIzitxnuPH/AGg9Ul7wbDo5n4fLcBVOdAkuXiGryJ7mvJ6/WoqfjV/nsN2dt927niHGs7eH34G2/wDyUmuF8HmM3BLq0LEzcNf6dbqBu8M2mO8T+T6ub/PQ3UK1vyVZc491hmo4KFBIScjfmc1BSndQsGBJDYDbA9aiJnC7V5bhdTiNAfebbbFQFg4qFRAiOhA2yH51EDY4JO7ypK53wHFRUBm79d98+Z/pUWCZBOx8TY88c6I6iFVAyXfP5VEApyCM8tW3rUR+wnfnz6VFFh2MpLId+agjlQ0PPGQ0V/G5XIaOLSByOrnQ1xOztJJ+IiOABnUI8Sl8bq6l9/QVEbyzlvyNahRktgxG4JNDqHCNTp9aXQl8U4dJGwkXOepHOsveOvSY3wycE4iyuO8OQ2pc8ufnXzyvoEq1IIlDyNnwOQi55oc5NNiE/svf39txq7ezhE1uiZuAXClCdWjux9ptvFUiaaK9vOPcZ4rx/wCthe1hhDrGqatwwYbyL9revoOddeG3lqvwm0mCxEjSDduzNy2t01OM/OtZ5htR2E7IcQ4xaXd8Lgwos/dWgOzSyc2XXtoUIdOr79IXTQzGr/aDgfFLa9+i3kFxHco7oqYLAknYxsNmX+GnCTfDs1wVbPhQt9WphqZ25ZZtz/l92rqNUO2KBQ3zpdBLsSx0r8qMG38tJpDEoJ6U0AkRg5JJzS6DEWTkefLNMohXsSd0OXrUXKdnZmaRI+WDv8DScMLk4fwd7G9troPIojdSxRyrd2dpNDLghsH3l8daf3Oh5/VP8SWyh4zfSmC+tVutDMz9/jS28Z7xvP7Pir5Rq6r7BmxX8xtIrlZoDcXkgLYV9c2PgCuKXmksMHEOCXHFpYWv4hDFao/cqHxzVS5OPu6fdr0HWP5Uvd/SLLiF1b2YnurW2dNMugtgNGsmjWNvB9qul18cC4138aTHmUXf50mIsSfiZZGLPoUefP0oQhUju4o1HcRvIfEWkYYHyJpQwRuJcVlP1aYG2Mjpk71cup+57/fUScHck/nTkJ0t29hd3JCQIZCev2QM9Sa2ZGNa3w7D9mrThsfeMwku5B4pOiD7iV6/OGB1sJHdjSxLZ97avQE2u/aC7Yv4Tj0rL1UUP2qeSTgl5FHZwBxBDNNesO8uHSGRh9FiJ/cwoCs2lf3r6/HXn2mpgdm7u67M8KlbRDY2KcXuJppGCRmWSRBHDHqxrmcR6VjWhhqW7LcdPDuK216RrjR9MyHlJbyr3dxHv5xlqgp87UcA/Z/FZrePL20n1lrKB4ZIJRqjw554BoaEq1mTA1McjYg0QI4rNw/HjBc+m9REyPiFj3yELpweZHl096oilr66hZyWYDBbA0HFREONYmGQ4HwJ/vUR7upDylJx0NREhrWcqM9dic71EL8wwwXAHmeZxUQM0gnPMdKigxZ2jGRsg+5lciohktJNCIMprByVyAfe9aGjY3ifBpLyys3jkgWSLTkNIM4+VLmFv9m+FcOtvot6ZQ893cfR9OdgzFo8xj0x4m+5TnAm1knDkAIIANa4LHa2aAk7bV5y0IPmm0yeFd6Xv9KDjW3fp4sVqLqX4pwwRsSjlT6e6fjS9x1sZ2ycH40dXcSjSX2R88yOWa8PrHHuM762M4Z2XvLGe7uLWfvfpARpImwMHHOM/eqjU6q/ivH4EuS08MQKAKytHg5xSUDrQjtLw+zK3Mtq4jW4d8RMWPdGUr3kkY2HiA017TO3j9YbUdkJJLbg9tZQOIhFGzGQjDO0mpnxms/q5r+iqYssXc495jqP51oeniOlmWEpC5x0rV9qdc/+2JJ1GmTb77ITadFNx1vFa3TYU8tqaLjsl0ceXrRUejun2oYSSwYjf7POh04z2E4iuYyTgHIb+tZ0HbaftO1kgBbHLl5160oPdnu2Alk4vHeRR3yyRRZGDoeFfDEskfJHjP7tq8P8l49nj7aC8R7TRW920IlSJC7AA48A6Emvn/HtbSpLdztOr/WpGDkzSgqHH/lxnc1sRlrbHHYrW2P0eHWzRuFyfFIcNrOj50x0mrfsjBF9E3ypByVfYgncjFIU4OXV3DAxcgO2fq1Y7D1oQaq7zjU87DLZJ27uMZ+W1McZ3RS04LdzRd4Higw6qFlJMsmrUSY4wpHgx4tTJ79asyQuzQvZiFcGaZ5jzK/u1PyFacwx/Q4smkiKNQqeQGBW4z1mWszIgyeXWh9UFZblyNjj4VOoU5bRmyefqaGiXDwa4uEkt4ohIZI2jdef1TDxn8qXHax+0PgV7ZJYWNx3qWSJP9FLkGFJpXWWSTIXG4OmT7fgpcxWpZtPEQRnT59flTBZbMfGln4UnD7su8ll4uHyg40AnMkL+aH7NDcVfPHZuxBZ0IO2TnP5UwqDrZjfS8pHi5VEZFURzRapJDGXwDjGSfjURVk0qFjpEjZ+8f8AlURPt4Ij+9Dr6jcD8qGhyHB4G3inQ+71qLv1rXugdU5+TjPpUUJbTLnclyP+udRDRZxFwCAIwDz5moiy4uCNcRgrI/PAYnn6YqLq4XhLgupdCxkZGBIzt5YoaNyOz/AP8OpKZKRquefLrQ0NnB2ggnjLGN2R3aGJyMoSW1yR4+0aY6624h4ostvkDJxuOoNaGqTV/JxKYso3HQk18/8AahtknhjiDFhqx+tOdcV9PxuUjw8zyr1AiZbStIoMoHnvU7ED5orKQqpcR6nwzjnHk++KY0by2A4hwSaGxaTht/JKjIjN30gZiF257V8r1H1lp3xPjfFDOhng76Nfe0gSZ+YzTEZau4eFPezyXD20dsqkFWncQxAdSIzuf8taDPrYDhXC4pFYpMZ2QLqY5xuNgPJajL+S8XBw+2UQsH5j505XiyLxbHdMB5YzXmc0FzS7ZfaFfQ4fYOy6YjRqeGbz8LgLRocdOdaCpgmhQMN870UJG1LS6JHe7kk8wpoZgsT3QYj40mYRwZxq8Z58snFHLvRXlzCk6RzSRrcoiyaDudJ1J+RrM1OtPN4+7WwhiuYbuSKKe4iKvEwiBkJ94N/EprwD6AT+P2HHrmR724ljtILmbIdpdUh08x3UdamaQ0bOCy8ItVEZE91Ow2lf3iT0jjHJab6G9dXc0nFpNKBWRIiWAOkHGN/xUpPsPWuJkXAYpCGnaSXVqJUExr89O7Vv+Hk/Zoit4YohFHHHGgO4QY/M8zTnll+nhK+TlydtO++w6CnA0PVkbnOKcQQgiOrUflREMM1zGU09c0mKmQyKV9fOogfLdOp5Zzyxz+VDR2o7H9nAnDoXntY7SSSFF7iPfuo+el35vI58UjfyUuacRf8AtUdtFueO2vAeHuqw8OfvLoggq11KirpYcvqYttP3nengGpg7KyyQh13OjKjzwKRMKzu4pYyUmtJIsdWH9CNqEiq7tgJNQHhwuSRvkUyGhrxAZyGz5Ac6gbDaGGS5iaeeQkyL4QD96iIk/tOyiyscEnMglsAmoj8Xi0DMNin8QyKGgdObN2zyJ3JU7VEBPo8OMmbI+6Mmoid3lppH9Mb1EMljxFApVIQxzkFvSog1F2nuRIUZyDyVY4kI1dMDehrLqtCkjRGSBIZycyfVCOTPTWOeo1FluXPHpooEt4F8TyrGzEEE5O4QH/eap0xI9bR2WRLNGY8BtLDcRkc8dR96suNBdEHFlhUaPGGHvee3P51qRh1YEV1ZzRajgHruMg0PwXIHEWjX3SSRz61h+VAawvIFmBkGw55r1Hlc0X/FEuPq7VM4HiIGw+NIeUJ9hGh9/rqzmvRomXltxEW0q8PlyZSAI5ZAIQuG1keEnJOn3a8vrD0Gfk4oy24d2uLzJJHHbqExrLoyt/BpbNKeDH8hz4V2cMkuu+lMhwvgjOM/xSH/AIavxn3bYzhc0EJEMcYijGo6R5+ZzzqRiWjExOp9D7AbCsssS3jZ4HbV060j/HVHOnttHu3zr1mT5d7NOToHTatEZ0Atr1RbKo2IFRYPJaTIyc/3rqIcOvO/PFMIKRws4ySdKnn8aw974XB3KZIG3qaYzemB1s91nGcj+m1aCB3dMRnFD6geYNWnDOpTkR0B9DWfcxqTdhf4zbXs0PcRyoNJzk7fnzzWf/G1P5SnwXg3F7e/jlW4jYmOWN2JfGDywOYf+anbhlza1Ipmj2IJ3yzcsk03nPGdq9PC8UQRp570wUBJLpS2fM1A2IyeL40QRIU+I52zREGO+5Dz2phAN1bPxqIYLaRQBvmhjNv/AGUdjJL7jEV5cwullZnvFZxhZp10mOMZ97R+8al6qur29e2pOz1r+z+HkS8cvIzoAwwtIm2E0g++f/Bj6++fxlzDDgFHwJ2zd3bvJcSanUMckyk7yynmWrz+tNjiwOFcZveHnCZmgHRzq0fDrQvScPl5xvhV1bHJMMy6fC+plP8APypjobUuKGOWKcY8PePjrjND0HlSYhZM7AsCwz8DWoy0eOQ96mV31qQV+NRECX3m35lufPnREQsdTg/OholdwcByCI2OA2NiR0BqIxN3e+5NRBaKyka2km20RSQowPvZmVymPT6uojLDy5afgaIgzYIY7+3IwuX2Y8s+dKCN0Iola6eTvRLIkUMgfABRg+CDjzBrD63OJfELyBuKs53jg+ohPQzEfWv+umhiMfDLqMnupd45osAnzBaPHyp8MI7IcYcmXhlyQGikdIy2xGDsKcZ624YmycHGPlWp1kGCONfmfWvIa6VTIuF997u5HOie+ItDhV9LYwTwRpGTcppOtNxnbIpbWjJDn4WyAZYZznT13r0GNI9dxyRxqVfBH6CthAuK+k7vc7kczRC7JaXIRgT4iKx9OGwzq4zjGK8GoDyXbYPrypjCMzPptXw53GcGtbWq657dsXyX3860MmwTsv8AZraMN2oApjXHPG4oqHGCEaFfPoa4s/DpAPn4qFTT0MrdwygHNeA+TH2x6BrbLrEjY0f1rc1/5y6INcggjHunb4GvB/ZJMFywjOBTuMU5wAh1Fjq2zX1MyINDlt2yQFpwd+DSjA55FT+VDRM0glxj1HzpdAeKxYyZ54qF2SXh7b7nNRGRYiBvv1FMIyCTL1x0UxjB8t6iGEmEjfB8ulMokcKsVnvYIwMx94jS9cRB17wn5Uuu2A4L7QLzszwjtzJdSz3rcM4wjcP7xmaJzfjNtGrH/wALIWSSNfsUZdzf4BwPit/eftLiskrXXEnaWS5nBHdxKNUsuT9xPu+57leR3rr0GY++K8US4uw0Y0QIiwxKBpxDH+7z+I+8346XF6EBu7O+T/yNDR9yQQsuggYY8x5UuIW2tEh70hHeJ31DRjUuBvsea0x0up+bs/I2uSJw2t3YKfInatD0TuSXLw+eOUa4yukqNhtz2rU6yyRNENTZBHjbJPxpgNDCg/2+FRFmcQI/Y/DBvjv73/1pQ0VlMoDbVEXLaShuEXMZhGt5+HqsrF8+ATkqgGx2bxVES4OD20alp2JyGwByz0pdoDHC7WS6gjVkAjiOpmO5cjbwUnRIvUNEiBUVEQOjtjr3e4zWU0VPRXgnvokUkxwyM7HzkJYl/ma0SzJxFmCZjbBQYX0k1q39qIGMcbtRcQw8WgOgkKtwF96O4i2z/CaIXbeWEEj2sM22ZYkZviRvTnWemRWsrty+NecrOWhwDg93JKywIXdBrYDpivP766x8X43NdXZuJ+7V4Y1iRUTSDp8/xUfv4KrA3UjSFn3Jr2HeIxTl5F55onpAxLSbTn8qJ7i6fbQYYl/lSetFzKskSLuedeTsABopFdjuORxWx4XJl3cvpZQDyx+tIutMe1Q97516LJtB7NlFCljtWoO2dtO0UcaEbGidcfcHaUePxY64556UNGS47UgMuMct6DQw2XtPI2SGAHlWF9oiHtBmPdvdO1Y6p1tu1MLDDafdx+VNVEy67RRLumnB5inMaGK57RdVNepGRD2lHnXA0UdpxRlhde1YG+RnGPy2qOpsfbEKTy3qgj8l7XAknbfyqBMX+lS9cGoj9/0rTV0qI+n7T6jzGKjiVJxwFRuuwqyp17I9oxDxKKR2AVNWd/vDTj/eqLwn9q/aDZjifD+GRR99YQcRj4jfIw3nu4wwhgPiOYYY8Kq/aZnzQ9Dvjtx7S5r19GfrpIY47gg+GNdWvuIcbKuf3nmVC/Zrz8jWta3Hiy5+H9aaLdEf24Gwc74pbhnr37c3YbYP5UHyt6Th2gUV3jnQmTiURJeP6tzz6qx9Vq6j4fjkb+GRQDt1yGwfvVzjvSXcXMPiXSApJPnuTnanST0jwPv3aA+nX411QAgkWW1Fs6j6qWRo+YYa9yNufKmQENuGIyr4tGOg5fmfKq9W49w+UGXU7syxN4F+zvtnFWrkNjTLcSZbaJW5D7WP7UmcPKcXSNQqBVHkP70rwfpR4hx9zGYozu+dVNyB+mPhd1DbqPENZ3b41cJk4lexyJhcZyD5GuqCXAuLrGs0EvjimG4PXA5fPlXaP1s5wLtfptO4Yg91+7J050Y8OaHGfRhu12j3Sv5Ulxk8TOGdt5o+8Kyshk8JKnBx5UknC0/aRFY9d+vnQc5W4+V7Sp6f+1OTLvGA9pwGO43p2ZXTv9LfUVl6+JGJ+1i+lAzkIEPaNWOSR/atTUEZIu0KKxORTcqyf/pPDqOQCGpbijWXtW6OGZDsc1pQVVEH0ru10Y09KMMmf46ro/U+ndKGj7/x/Wuo/T9PoiIr/TutJOPJ9N6VdxNP7R6/3oqzOv7S6UZ1Db6fneuox/479aiMv+OqI+D9OqyP3/HVx1kH0/0qOPz/AB9cRnH7R/6zXXUoftP/AKzUR9//AFXP/wA1x0oJ9J+mH/8Asam589Xp6+VVR8/4nJ+9nfzz61UR+D6RXFHwvf11ZkP0iqOvj6+ojJ/iKqsxt3+N6uo+B39RHvrqiI/1uv8AFkcv0qyibJ9Jwc5qiyBH3mk6eVXcEU+kaduVVWYz9IqIhJ3mdudEUfXj64qizIe99KiP1O+1DHOo4O2303Ue7rqCLftLr/erqPhP2jnalVX637RzvRFmNv2hj0oziP8A47/rNR1l/wDqFdRjP06lVX5/jq4q9/jqus/f8dXHUO4+l92dfu0Z1//Z');
--PRINT TABLE;
CREATE TABLE print(
	id           VARCHAR(40) PRIMARY KEY REFERENCES businessobject(id),
	price        NUMERIC(8,2),
	size         VARCHAR(250),
	typeof       VARCHAR(250)
	);
INSERT INTO businessobject (id, botype) VALUES ('print5x7', 'intex.BusinessObjects.Print');
INSERT INTO print (id, price, size, typeof) VALUES ('print5x7', '1.99', '5x7', 'what is this');
INSERT INTO businessobject (id, botype) VALUES ('print3x5', 'intex.BusinessObjects.Print');
INSERT INTO print (id, price, size, typeof) VALUES ('print3x5', '0.99', '3x5', 'what is this');
INSERT INTO businessobject (id, botype) VALUES ('print4x6', 'intex.BusinessObjects.Print');
INSERT INTO print (id, price, size, typeof) VALUES ('print4x6', '1.49', '4x6', 'what is this');
INSERT INTO businessobject (id, botype) VALUES ('print8x10', 'intex.BusinessObjects.Print');
INSERT INTO print (id, price, size, typeof) VALUES ('print8x10', '2.99', '8x10', 'what is this');
	

--CONCEPTUALPRODUCT TABLE;
CREATE TABLE cproduct (
  id              VARCHAR(40) PRIMARY KEY REFERENCES product(id),
  description     TEXT,
  model 		  VARCHAR(250),
  manufacturer    VARCHAR(250),
  averagecost     NUMERIC(8,2),
  commissionrate  NUMERIC(4,2),
  typeof          VARCHAR(250),
  sku             VARCHAR(250)
  );
  INSERT INTO businessobject(id, botype) VALUES('cproduct1', 'intex.BusinessObjects.CProduct');
  INSERT INTO businessobject(id, botype) VALUES('cproduct2', 'intex.BusinessObjects.CProduct');
  INSERT INTO businessobject(id, botype) VALUES('crental3', 'intex.BusinessObjects.CRental');
  INSERT INTO businessobject(id, botype) VALUES('cproduct4', 'intex.BusinessObjects.CProduct');
  INSERT INTO businessobject(id, botype) VALUES('cproduct5', 'intex.BusinessObjects.CProduct');
  INSERT INTO businessobject(id, botype) VALUES('cproduct6', 'intex.BusinessObjects.CProduct');
  INSERT INTO businessobject(id, botype) VALUES('cproduct7', 'intex.BusinessObjects.CProduct');
  INSERT INTO businessobject(id, botype) VALUES('cproduct8', 'intex.BusinessObjects.CProduct');
  INSERT INTO businessobject(id, botype) VALUES('cproduct9', 'intex.BusinessObjects.CProduct');
  INSERT INTO businessobject(id, botype) VALUES('cproduct10', 'intex.BusinessObjects.CProduct');
  INSERT INTO businessobject(id, botype) VALUES('cproduct11', 'intex.BusinessObjects.CProduct');
  INSERT INTO businessobject(id, botype) VALUES('cproduct12', 'intex.BusinessObjects.CProduct');
  INSERT INTO businessobject(id, botype) VALUES('cproduct13', 'intex.BusinessObjects.CProduct');
  INSERT INTO businessobject(id, botype) VALUES('cproduct14', 'intex.BusinessObjects.CProduct');
  INSERT INTO businessobject(id, botype) VALUES('cproduct15', 'intex.BusinessObjects.CProduct');
  INSERT INTO businessobject(id, botype) VALUES('cproduct16', 'intex.BusinessObjects.CProduct');
  INSERT INTO businessobject(id, botype) VALUES('cproduct3', 'intex.BusinessObjects.CProduct');
  --do i need to create a cproduct with id 'crental3' in the cproduct table?;
  
  INSERT INTO cproduct (id, model, description, manufacturer, typeof, sku) VALUES('crental3','DVD-5','Panasonic', 'panasonic','FORRENT', 'sku3');
  INSERT INTO cproduct (id, model, description, manufacturer ,typeof, sku, commissionrate) VALUES('cproduct1','Tripod','Canon', 'Canon','ForSale', 'sku1','3.2');
  INSERT INTO cproduct (id, model, description, manufacturer, typeof, sku) VALUES('cproduct2','Tripod','Canon Tripod ', 'Canon','FORSALE', 'sku2');
  INSERT INTO cproduct (id, model, description, manufacturer, typeof, sku) VALUES ('cproduct3', 'DVD-5','', 'panasonic','FORRENT', 'sku3');
  INSERT INTO cproduct (id, model, description, manufacturer, typeof, sku) VALUES ('cproduct4', 'Battery','Energizer Battery Litium', 'Energizer', 'conceptual', 'sku4');
  INSERT INTO cproduct (id, model, description, manufacturer, typeof, sku) VALUES ('cproduct5', '6D','The EOS 6D DSLR camera is the ideal tool for unlocking your creative vision. It features a 20.2 Megapixel Full-Frame CMOS sensor, a wide ISO range of 100-25600, expandable to L: 50, H1: 51200, and H2: 102400, for incredible image quality even in low light, and a DIGIC 5+ Image Processor delivers enhanced noise reduction and exceptional processing speed. A new 11-point AF including a high-precision center cross-type AF point with EV -3 sensitivity allows focusing in extreme low-light conditions, and with continuous shooting up to 4.5 fps, you are ready to capture fast action. Full HD video with manual exposure control, multiple frame rates, and the benefits of a Full-Frame sensor provides stunning performance and creative flexibility. The built-in Wi-Fi transmitter allows you to wirelessly transfer your images to social networking sites through CANON iMAGE GATEWAY, or upload virtually anywhere from your iOS or Android smartphone with the free download of the EOS Remote app. You can use your smartphone for remote camera control and operation (with the EOS Remote app), or even print your images on a Wi-Fi compatible printer^. Perfect for travel and nature photography, the built-in GPS allows location data to be recorded while shooting. Compact, lightweight, brilliant low-light performance, and loaded with easy to use features, the EOS 6D is truly the Full-Frame DSLR camera for everyone.', 'Canon','FORSALE', 'sku5');
  INSERT INTO cproduct (id, model, description, manufacturer, typeof, sku) VALUES ('cproduct6', '7D','Beyond the Still. With a host of features designed to enhance every facet of the photographic process, from still images to video, the EOS 7D represents an advanced class of camera. Made to be the tool of choice for serious photographers and semi-professionals, the EOS 7D features an 18.0 Megapixel APS-C size CMOS sensor and Dual DIGIC 4 Image Processors, capturing tremendous images at up to ISO 12800 and speeds of up to 8.0 fps. The EOS 7D has an all cross-type 19-point AF system with improved AI Servo AF subject tracking and user-selectable AF area selection modes for sharp focus no matter the situation. The EOS 7Ds Intelligent Viewfinder provides 100 coverage and displays user-selected AF modes as well as a spot metering circle and on-demand grid lines. iFCL Metering with 63-zone dual-layer metering system uses both focus and color information to provide accurate exposure even in difficult lighting. The EOS 7D also captures Full HD video at 30p (29.97 fps), 24p (23.976 fps) and 25p with an array of manual controls, including manual exposure during video shooting and ISO speed selection. The EOS 7D features a magnesium alloy body that is dust and weather resistant and shutter durability of up to 150,000 cycles. Compatible with over 60 EF and EF-S lenses as well as with EOS System accessories, the creative opportunities  not just with stills but also with video  are beyond amazement. Since its introduction, the Canon EOS 7D has become one of the most popular APS-C EOS DSLRs among serious photographers and semi-professionals. Now, Canon is giving the EOS 7D an exciting upgrade with new Firmware Version 2.0.X! With Firmware Version 2.0.X, the EOS 7D gains a multitude of feature enhancements for higher performance befitting the flagship APS-C EOS. These improvements include a higher maximum burst rate (130 for JPEG Large/Fine and 25 RAW images) for continuous shooting, definable maximum limit for ISO Auto, compatibility with the GPS Receiver GP-E2, and manual audio level adjustment. Additional upgrades also include faster scrolling of magnified images, quick control during playback, in-camera RAW image processing, JPEG image resizing and ratings, plus customization of file names and time zone settings. These significant enhancements are a sure-fire way to make an amazing camera even better than ever before!' , 'Canon','FORSALE', 'sku6');
  INSERT INTO cproduct (id, model, description, manufacturer, typeof, sku) VALUES ('cproduct7', '60D','An EOS with Perspective. With the new EOS 60D DSLR, Canon gives the photo enthusiast a powerful tool fostering creativity, with better image quality, more advanced features and automatic and in-camera technologies for ease-of-use. It features an improved APS-C sized 18.0 Megapixel CMOS sensor for tremendous images, a new DIGIC 4 Image Processor for finer detail and excellent color reproduction, and improved ISO capabilities from 100 - 6400 (expandable to 12800) for uncompromised shooting even in the dimmest situations. The new Multi-control Dial enables users to conveniently operate menus and enter settings with a simple touch. The EOS 60D also features an EOS first: A Vari-angle 3.0-inch Clear View LCD (1,040,000 dots) monitor for easy low- or high-angle viewing. An improved viewfinder, a number of new in-camera creative options and filters, plus HDMI output for viewing images on an HDTV all make the EOS 60D invaluable for the evolving photographer. With continuously curved surfaces, user-friendliness and exuding solidity and refinement, the EOS 60D is true digital inspiration!', 'Canon','FORSALE', 'sku7');
  INSERT INTO cproduct (id, model, description, manufacturer, typeof, sku) VALUES ('cproduct8', 'Cleaner','Cleaning Cleaner Kit includes: 1) Canon Optical Lens Cleaning Kit 2) Lenspen Lens Cleaning System 3) Precision Design Deluxe Hurricane Blower. Designed for photographers on the go, this cleaning kit from Canon is perfect for keeping lenses free from dust and grime on a daily basis, and for removing difficult spots from lens surfaces. Complete with a soft retractable brush, lens cleaning fluid, microfiber cloth, lens tissues and a sturdy plastic case, this kit is ideal for anyone who needs a practical lens cleaning solution that fits comfortably in any camera bag or coat pocket. The LensPen is one of the most invaluable accessories a photographer can own. Its unique design makes cleaning your lens fast, simple and effective. On one end, a retractable soft brush sweeps dust and loose particles away from the glass. On the other end, a special dry cleaning compound is used to gently remove fingerprints and spots. The Precision Design Deluxe Hurricane Blower is very powerful and easy to use cleaning system. The super air stream blows off dust particles, even those attracted by static electricity, without any physical contact. It works great when used on digital camera sensors, lenses, telescopes, computer keyboards, microscopes, communications equipment, musical instruments and much more. ', 'Canon','conceptual', 'sku8');  
  INSERT INTO cproduct (id, model, description, manufacturer, typeof, sku) VALUES ('cproduct9', 'COOLPIX A','Nikon COOLPIX A 16.2MP DX-Format CMOS Sensor NIKKOR 18.5mm Lens (35mm Equiv: 28mm) N Optical Low-Pass Filter Fast f/2.8 Maximum Aperture 3.0" 921k-Dot LCD Monitor Full HD 1080p Video with Stereo Sound Capture Photos in RAW Format Manual Focus Ring Adjustment Auto and Manual Exposure Bracketing Wi-Fi via Optional WU-1a Adapter', 'Nikon','FORSALE', 'sku9');  
  INSERT INTO cproduct (id, model, description, manufacturer, typeof, sku) VALUES ('cproduct10', 'COOLPIX P330','Nikon COOLPIX P330 12.2MP BSI-CMOS sensor w Mode (.NRW) 24-120mm (equivalent) F1.8-5.6 optically-stabilized zoom lens ISO 80-3200 (up to ISO 12,800 in manual mode) Maximum 10fps shooting (for 10 frames) Full HD, 1080/60i/30p movie recording 3" 921k-dot rear LCD screen 23 Scene modes including 3D Built-in GPS Approx 200 shots per charge (CIPA)', 'Nikon','FORSALE', 'sku10');  
  INSERT INTO cproduct (id, model, description, manufacturer, typeof, sku) VALUES ('cproduct11', 'COOLPIX S800c','Nikon COOLPIX S800c 16MP 1/2.3"-type BSI CMOS sensor 25-250mm equivalent F3.2-5.8 lens 3.5" WVGA OLED touchscreen Android v2.3 operating system Wi-Fi, Bluetooth and GPS 2GB of internal memory (690MB of this for Apps) Up to 8fps continuous shooting 1080p30 video', 'Nikon','FORSALE', 'sku11');  
  INSERT INTO cproduct (id, model, description, manufacturer, typeof, sku) VALUES ('cproduct12', 'COOLPIX S9500','Nikon COOLPIX S9500', 'Nikon','FORSALE', 'sku12');    
  INSERT INTO cproduct (id, model, description, manufacturer, typeof, sku) VALUES ('cproduct13', 'D600',' D600 Nikons most compact FX-format HD-SLR,Limited 1-Year Warranty. Newly developed 24.3 MP FX-format CMOS sensor Share D600 images with the optional WU-1b Wireless Mobile Adapter (sold seperately) Cinema-quality Full HD (1080) Compatible with all NIKKOR lenses, FX and DX formats', 'Nikon','FORSALE', 'sku13');  
  INSERT INTO cproduct (id, model, description, manufacturer, typeof, sku) VALUES ('cproduct14', 'D3200','Nikon D3200 Wi-Fi Connectivity with adapter (not included) 24.2 MP DX-format CMOS sensor,Display Screen 3.0-Inch Rear Screen, LCD (921000) EXPEED III Image Processing Wide ISO sensitivity range,Filter Thread: 52 mm One-touch Full HD 1080p movie recording', 'Nikon','FORSALE', 'sku14');  
  INSERT INTO cproduct (id, model, description, manufacturer, typeof, sku) VALUES ('cproduct15', 'D5100','Nikon D5100 3-inch, 921,000-dot Super-Density horizontal type Vari-Angle LCD Monitor In-camera Special Effects Mode, 1 Yr Camera / 5 Yrs Lens In-camera HDR (High Dynamic Range) Stunning Full 1080p HD Movies with Full Time Autofocus ISO Sensitivity: 100-6400 (Extended Mode: 100-25600', 'Nikon','FORSALE', 'sku15');  
  INSERT INTO cproduct (id, model, description, manufacturer, typeof, sku) VALUES ('cproduct16', 'D7000','Nikon D7000', 'Nikon','FORSALE', 'sku16');  




 -- CONCEPTUALRENTAL TABLE;
CREATE TABLE crental (
  id			 VARCHAR(40) PRIMARY KEY REFERENCES cproduct(id),
  priceperday    NUMERIC(8,2),
  replacementprice NUMERIC(8,2)
  );
  INSERT INTO businessobject(id, botype) VALUES('crental1', 'intex.BusinessObjects.CRental');
  INSERT INTO crental (id, priceperday, replacementprice) VALUES('crental1','6.00','2000.00');
 -- INSERT INTO businessobject(id, botype) VALUES('crental3', 'intex.BusinessObjects.CRental');
  INSERT INTO crental (id, priceperday, replacementprice) VALUES('crental3',1, '11');
  
--PHYSICALPRODUCT TABLE;
  CREATE TABLE pproduct (
  id              VARCHAR(40) PRIMARY KEY REFERENCES product(id),
  serialnum       VARCHAR(250),
  shelflocation   VARCHAR(250),
  datepurchased   DATE,
  cost            NUMERIC(8,2),
  cproductid      VARCHAR(40) REFERENCES cproduct(id),
  storeid         VARCHAR(40) REFERENCES store(id),
  physicalproductcommissionrate      NUMERIC(4,2),
  typeof          VARCHAR(250),
  status          VARCHAR(250)
  );
  INSERT INTO pproduct (id, serialnum, shelflocation, datepurchased, 
  cost, cproductid, storeid, physicalproductcommissionrate, status, typeof) VALUES ('FS1', 'FS1', 'shelflocation', 
  '1840-12-12',2.51, 'cproduct1', 'store1', .10, 'available', 'physical');
    INSERT INTO pproduct (id, serialnum, shelflocation, datepurchased, 
  cost, cproductid, storeid, physicalproductcommissionrate, status, typeof) VALUES ('FS2', 'FS2', 'shelflocation', 
  '1840-12-12',2.52, 'cproduct1', 'store2', .10, 'available', 'forSale');
    INSERT INTO pproduct (id, serialnum, shelflocation, datepurchased, 
  cost, cproductid, storeid, physicalproductcommissionrate, status) VALUES ('f300', 'FS3', 'shelflocation', 
  '1840-12-12',2.53, 'cproduct2', 'store2', .10, 'available');
    INSERT INTO pproduct (id, serialnum, shelflocation, datepurchased, 
  cost, cproductid, storeid, physicalproductcommissionrate, status) VALUES ('FR1', 'FR1', 'shelflocation', 
  '1840-12-12',2.54, 'crental3', 'store2', .10, 'available');
  
    INSERT INTO pproduct (id, serialnum, shelflocation, datepurchased, 
  cost, cproductid, storeid, physicalproductcommissionrate, status, typeof) VALUES ('FS4', 'FS4', 'shelflocation', 
  '1840-12-12',1950.50, 'cproduct5', 'store2', .10, 'available', 'forSale');
    INSERT INTO pproduct (id, serialnum, shelflocation, datepurchased, 
  cost, cproductid, storeid, physicalproductcommissionrate, status, typeof) VALUES ('FS5', 'FS5', 'shelflocation', 
  '1840-12-12',900.12, 'cproduct6', 'store2', .10, 'available', 'forSale');
    INSERT INTO pproduct (id, serialnum, shelflocation, datepurchased, 
  cost, cproductid, storeid, physicalproductcommissionrate, status, typeof) VALUES ('FS6', 'FS6', 'shelflocation', 
  '1840-12-12',825.00, 'cproduct7', 'store2', .10, 'available', 'forSale');

   INSERT INTO pproduct (id, serialnum, shelflocation, datepurchased, 
  cost, cproductid, storeid, physicalproductcommissionrate, status, typeof) VALUES ('FS8', 'FS8', 'shelflocation', 
  '1840-12-12',922.00, 'cproduct9', 'store2', .10, 'available', 'forSale');
   INSERT INTO pproduct (id, serialnum, shelflocation, datepurchased, 
  cost, cproductid, storeid, physicalproductcommissionrate, status, typeof) VALUES ('FS9', 'FS9', 'shelflocation', 
  '1840-12-12',200.00, 'cproduct10', 'store2', .10, 'available', 'forSale');
   INSERT INTO pproduct (id, serialnum, shelflocation, datepurchased, 
  cost, cproductid, storeid, physicalproductcommissionrate, status, typeof) VALUES ('FS10', 'FS10', 'shelflocation', 
  '1840-12-12',200.00, 'cproduct11', 'store2', .10, 'available', 'forSale');
   INSERT INTO pproduct (id, serialnum, shelflocation, datepurchased, 
  cost, cproductid, storeid, physicalproductcommissionrate, status, typeof) VALUES ('FS11', 'FS11', 'shelflocation', 
  '1840-12-12',200.00, 'cproduct12', 'store2', .10, 'available', 'forSale');
   INSERT INTO pproduct (id, serialnum, shelflocation, datepurchased, 
  cost, cproductid, storeid, physicalproductcommissionrate, status, typeof) VALUES ('FS12', 'FS12', 'shelflocation', 
  '1840-12-12',1900.00, 'cproduct13', 'store2', .10, 'available', 'forSale');
   INSERT INTO pproduct (id, serialnum, shelflocation, datepurchased, 
  cost, cproductid, storeid, physicalproductcommissionrate, status, typeof) VALUES ('FS13', 'FS13', 'shelflocation', 
  '1840-12-12',322.00, 'cproduct14', 'store2', .10, 'available', 'forSale');
   INSERT INTO pproduct (id, serialnum, shelflocation, datepurchased, 
  cost, cproductid, storeid, physicalproductcommissionrate, status, typeof) VALUES ('FS14', 'FS14', 'shelflocation', 
  '1840-12-12',450.00, 'cproduct15', 'store2', .10, 'available', 'forSale');
   INSERT INTO pproduct (id, serialnum, shelflocation, datepurchased, 
  cost, cproductid, storeid, physicalproductcommissionrate, status, typeof) VALUES ('FS15', 'FS15', 'shelflocation', 
  '1840-12-12',1000.00, 'cproduct16', 'store2', .10, 'available', 'forSale');
  
   INSERT INTO pproduct (id, serialnum, shelflocation, datepurchased, 
  cost, cproductid, storeid, physicalproductcommissionrate, status, typeof) VALUES ('FS16', 'FS16', 'shelflocation', 
  '1840-12-12',1950.50, 'cproduct5', 'store3', .10, 'available', 'forSale');
    INSERT INTO pproduct (id, serialnum, shelflocation, datepurchased, 
  cost, cproductid, storeid, physicalproductcommissionrate, status, typeof) VALUES ('FS17', 'FS17', 'shelflocation', 
  '1840-12-12',900.12, 'cproduct6', 'store3', .10, 'available', 'forSale');
    INSERT INTO pproduct (id, serialnum, shelflocation, datepurchased, 
  cost, cproductid, storeid, physicalproductcommissionrate, status, typeof) VALUES ('FS18', 'FS18', 'shelflocation', 
  '1840-12-12',825.00, 'cproduct7', 'store3', .10, 'available', 'forSale');

   INSERT INTO pproduct (id, serialnum, shelflocation, datepurchased, 
  cost, cproductid, storeid, physicalproductcommissionrate, status, typeof) VALUES ('FS20', 'FS20', 'shelflocation', 
  '1840-12-12',922.00, 'cproduct9', 'store3', .10, 'available', 'forSale');
   INSERT INTO pproduct (id, serialnum, shelflocation, datepurchased, 
  cost, cproductid, storeid, physicalproductcommissionrate, status, typeof) VALUES ('FS21', 'FS21', 'shelflocation', 
  '1840-12-12',200.00, 'cproduct10', 'store3', .10, 'available', 'forSale');
   INSERT INTO pproduct (id, serialnum, shelflocation, datepurchased, 
  cost, cproductid, storeid, physicalproductcommissionrate, status, typeof) VALUES ('FS22', 'FS22', 'shelflocation', 
  '1840-12-12',200.00, 'cproduct11', 'store3', .10, 'available', 'forSale');
   INSERT INTO pproduct (id, serialnum, shelflocation, datepurchased, 
  cost, cproductid, storeid, physicalproductcommissionrate, status, typeof) VALUES ('FS23', 'FS23', 'shelflocation', 
  '1840-12-12',200.00, 'cproduct12', 'store3', .10, 'available', 'forSale');
   INSERT INTO pproduct (id, serialnum, shelflocation, datepurchased, 
  cost, cproductid, storeid, physicalproductcommissionrate, status, typeof) VALUES ('FS24', 'FS24', 'shelflocation', 
  '1840-12-12',1900.00, 'cproduct13', 'store3', .10, 'available', 'forSale');
   INSERT INTO pproduct (id, serialnum, shelflocation, datepurchased, 
  cost, cproductid, storeid, physicalproductcommissionrate, status, typeof) VALUES ('FS25', 'FS25', 'shelflocation', 
  '1840-12-12',322.00, 'cproduct14', 'store3', .10, 'available', 'forSale');
   INSERT INTO pproduct (id, serialnum, shelflocation, datepurchased, 
  cost, cproductid, storeid, physicalproductcommissionrate, status, typeof) VALUES ('FS26', 'FS26', 'shelflocation', 
  '1840-12-12',450.00, 'cproduct15', 'store3', .10, 'available', 'forSale');
   INSERT INTO pproduct (id, serialnum, shelflocation, datepurchased, 
  cost, cproductid, storeid, physicalproductcommissionrate, status, typeof) VALUES ('FS27', 'FS27', 'shelflocation', 
  '1840-12-12',1000.00, 'cproduct16', 'store3', .10, 'available', 'forSale');
  
   INSERT INTO pproduct (id, serialnum, shelflocation, datepurchased, 
  cost, cproductid, storeid, physicalproductcommissionrate, status, typeof) VALUES ('FS28', 'FS28', 'shelflocation', 
  '1840-12-12',1950.50, 'cproduct5', 'store1', .10, 'available', 'forSale');
    INSERT INTO pproduct (id, serialnum, shelflocation, datepurchased, 
  cost, cproductid, storeid, physicalproductcommissionrate, status, typeof) VALUES ('FS29', 'FS29', 'shelflocation', 
  '1840-12-12',900.12, 'cproduct6', 'store1', .10, 'available', 'forSale');
    INSERT INTO pproduct (id, serialnum, shelflocation, datepurchased, 
  cost, cproductid, storeid, physicalproductcommissionrate, status, typeof) VALUES ('FS30', 'FS30', 'shelflocation', 
  '1840-12-12',825.00, 'cproduct7', 'store1', .10, 'available', 'forSale');

   INSERT INTO pproduct (id, serialnum, shelflocation, datepurchased, 
  cost, cproductid, storeid, physicalproductcommissionrate, status, typeof) VALUES ('FS32', 'FS32', 'shelflocation', 
  '1840-12-12',922.00, 'cproduct9', 'store1', .10, 'available', 'forSale');
   INSERT INTO pproduct (id, serialnum, shelflocation, datepurchased, 
  cost, cproductid, storeid, physicalproductcommissionrate, status, typeof) VALUES ('FS33', 'FS33', 'shelflocation', 
  '1840-12-12',200.00, 'cproduct10', 'store1', .10, 'available', 'forSale');
   INSERT INTO pproduct (id, serialnum, shelflocation, datepurchased, 
  cost, cproductid, storeid, physicalproductcommissionrate, status, typeof) VALUES ('FS34', 'FS34', 'shelflocation', 
  '1840-12-12',200.00, 'cproduct11', 'store1', .10, 'available', 'forSale');
   INSERT INTO pproduct (id, serialnum, shelflocation, datepurchased, 
  cost, cproductid, storeid, physicalproductcommissionrate, status, typeof) VALUES ('FS35', 'FS35', 'shelflocation', 
  '1840-12-12',200.00, 'cproduct12', 'store1', .10, 'available', 'forSale');
   INSERT INTO pproduct (id, serialnum, shelflocation, datepurchased, 
  cost, cproductid, storeid, physicalproductcommissionrate, status, typeof) VALUES ('FS36', 'FS36', 'shelflocation', 
  '1840-12-12',1900.00, 'cproduct13', 'store1', .10, 'available', 'forSale');
   INSERT INTO pproduct (id, serialnum, shelflocation, datepurchased, 
  cost, cproductid, storeid, physicalproductcommissionrate, status, typeof) VALUES ('FS37', 'FS37', 'shelflocation', 
  '1840-12-12',322.00, 'cproduct14', 'store1', .10, 'available', 'forSale');
   INSERT INTO pproduct (id, serialnum, shelflocation, datepurchased, 
  cost, cproductid, storeid, physicalproductcommissionrate, status, typeof) VALUES ('FS38', 'FS38', 'shelflocation', 
  '1840-12-12',450.00, 'cproduct15', 'store1', .10, 'available', 'forSale');
   INSERT INTO pproduct (id, serialnum, shelflocation, datepurchased, 
  cost, cproductid, storeid, physicalproductcommissionrate, status, typeof) VALUES ('FS39', 'FS39', 'shelflocation', 
  '1840-12-12',1000.00, 'cproduct16', 'store1', .10, 'available', 'forSale');
  
 
  
   -- FORRENT TABLE;
CREATE TABLE forrent (
  id              VARCHAR(40) PRIMARY KEY REFERENCES pproduct(id),
  serial          VARCHAR(250) REFERENCES pproduct(serial),
  timesrented        INT,
  typeof          VARCHAR(250)
  );
  --INSERT INTO businessobject(id, botype) VALUES('FR1', 'intex.BusinessObjects.ForRent');
  --INSERT INTO product (id, price, typeof, model) VALUES ('FR1', 3000.51, 'rental','expensivething');
 -- INSERT INTO pproduct (id, serialnum) VALUES ('FR1', 'pprod serialnum');
  INSERT INTO forrent (id, serial, timesrented) VALUES('FR1','FR1','2');
  
   -- FORSALE TABLE;
CREATE TABLE forsale (
  id              VARCHAR(40) PRIMARY KEY REFERENCES pproduct(id),
  serial         VARCHAR(250) REFERENCES pproduct(serial),
  newused        VARCHAR(250),
  typeof         VARCHAR(250)
  );
 -- INSERT INTO businessobject(id, botype) VALUES('forsale1', 'intex.BusinessObjects.ForSale');
  INSERT INTO forsale (id, serial, newused) VALUES('FS1','FS1','used');
  INSERT INTO forsale (id, serial, newused) VALUES('FS2','FS2','new');
  INSERT INTO forsale (id, serial, newused) VALUES('f300','FS3','used');
  INSERT INTO forsale (id, serial, newused) VALUES('FS4','FS4','new');
  INSERT INTO forsale (id, serial, newused) VALUES('FS5','FS5','new');
  INSERT INTO forsale (id, serial, newused) VALUES('FS6','FS6','new');
  INSERT INTO forsale (id, serial, newused) VALUES('FS8','FS8','new');
  INSERT INTO forsale (id, serial, newused) VALUES('FS9','FS9','new');
  INSERT INTO forsale (id, serial, newused) VALUES('FS10','FS10','new');
  INSERT INTO forsale (id, serial, newused) VALUES('FS11','FS11','new');
  INSERT INTO forsale (id, serial, newused) VALUES('FS12','FS12','new');
  INSERT INTO forsale (id, serial, newused) VALUES('FS13','FS13','new');
  INSERT INTO forsale (id, serial, newused) VALUES('FS14','FS14','new');
  INSERT INTO forsale (id, serial, newused) VALUES('FS15','FS15','new');
  INSERT INTO forsale (id, serial, newused) VALUES('FS16','FS16','new');
  INSERT INTO forsale (id, serial, newused) VALUES('FS17','FS17','new');
  INSERT INTO forsale (id, serial, newused) VALUES('FS18','FS18','new');
  INSERT INTO forsale (id, serial, newused) VALUES('FS20','FS20','new');
  INSERT INTO forsale (id, serial, newused) VALUES('FS21','FS21','new');
  INSERT INTO forsale (id, serial, newused) VALUES('FS22','FS22','new');
  INSERT INTO forsale (id, serial, newused) VALUES('FS23','FS23','new');
  INSERT INTO forsale (id, serial, newused) VALUES('FS24','FS24','new');
  INSERT INTO forsale (id, serial, newused) VALUES('FS25','FS25','new');
  INSERT INTO forsale (id, serial, newused) VALUES('FS26','FS26','new');
  INSERT INTO forsale (id, serial, newused) VALUES('FS27','FS27','new');
  INSERT INTO forsale (id, serial, newused) VALUES('FS28','FS28','new');
  INSERT INTO forsale (id, serial, newused) VALUES('FS29','FS29','new');
  INSERT INTO forsale (id, serial, newused) VALUES('FS30','FS30','new');
  INSERT INTO forsale (id, serial, newused) VALUES('FS32','FS32','new');
  INSERT INTO forsale (id, serial, newused) VALUES('FS33','FS33','new');
  INSERT INTO forsale (id, serial, newused) VALUES('FS34','FS34','new');
  INSERT INTO forsale (id, serial, newused) VALUES('FS35','FS35','new');
  INSERT INTO forsale (id, serial, newused) VALUES('FS36','FS36','new');
  INSERT INTO forsale (id, serial, newused) VALUES('FS37','FS37','new');
  INSERT INTO forsale (id, serial, newused) VALUES('FS38','FS38','new');
  INSERT INTO forsale (id, serial, newused) VALUES('FS39','FS39','new');
  
  
  
       -- RENTAL TABLE;
CREATE TABLE rental (
  id			 VARCHAR(40) PRIMARY KEY REFERENCES revenuesource(id),
  dateout        DATE,
  datein         DATE,
  datedue 		 DATE,
  remindersent	 BOOLEAN,
  forrentid      VARCHAR(40) REFERENCES forrent(id)
  );
  INSERT INTO businessobject(id, botype) VALUES('rental1', 'intex.BusinessObjects.Rental');
  INSERT INTO revenuesource(id, transid, chargeamt, typeof) VALUES ('rental1', 'trans1', 124, 'FORRENT');
  INSERT INTO rental (id, dateout, datedue, remindersent, forrentid) VALUES('rental1','2013-03-19','2013-04-03', true, 'fr1');
  INSERT INTO businessobject(id, botype) VALUES('rental2', 'intex.BusinessObjects.Rental');
  INSERT INTO revenuesource(id, transid, chargeamt, typeof) VALUES ('rental2', 'trans2', 14, 'FORRENT');
  INSERT INTO rental (id, dateout, datedue, remindersent, forrentid) VALUES('rental2','1840-12-12','2013-04-09', true, 'fr1');
-- EMPLOYEE TABLE;
CREATE TABLE employee(
  id           VARCHAR(40) PRIMARY KEY REFERENCES businessobject(id),
  firstname    VARCHAR(250),
  lastname     VARCHAR(250),
  hiredate     DATE,
  phone        VARCHAR(100),
  salary       NUMERIC(8,0),
  username     VARCHAR(250),
  password     VARCHAR(250),
  address      VARCHAR(250),
  city         VARCHAR(250),
  state        VARCHAR(250),
  zip          VARCHAR(250),
  position     VARCHAR(250),
  storeid      VARCHAR(40) REFERENCES store(id)
  );
  INSERT INTO businessobject(id, botype) VALUES ('employee3', 'intex.BusinessObjects.Employee');
  INSERT INTO businessobject(id, botype) VALUES ('employee4', 'intex.BusinessObjects.Employee');
  INSERT INTO businessobject(id, botype) VALUES ('employee5', 'intex.BusinessObjects.Employee');
  INSERT INTO businessobject(id, botype) VALUES ('employee6', 'intex.BusinessObjects.Employee');
    INSERT INTO businessobject(id, botype) VALUES ('employee1', 'intex.BusinessObjects.Employee');
    INSERT INTO businessobject(id, botype) VALUES ('employee2', 'intex.BusinessObjects.Employee');
    INSERT INTO employee(id, firstname, lastname, hiredate, phone, salary, username, password, storeid) VALUES ('employee3', 'Ward', 'Greenhalgh', '1988/1/12','801-313-1113','13000','ward','ward','store1');
    INSERT INTO employee(id, firstname, lastname, hiredate, phone, salary, username, password, storeid) VALUES ('employee4', 'Kabe', 'Miller', '1990/1/12','801-313-1113','13000','kabe','kabe','store2');
    INSERT INTO employee(id, firstname, lastname, hiredate, phone, salary, username, password, storeid) VALUES ('employee5', 'Daniel', 'George', '1989/1/12','801-313-1113','13000','daniel','daniel','store3');
    INSERT INTO employee(id, firstname, lastname, hiredate, phone, salary, username, password, storeid) VALUES ('employee6', 'Jon', 'Grether', '1988/1/12','801-313-1113','13000','jon','jon','store4');
    
  INSERT INTO employee(id, firstname, lastname, hiredate, phone, salary, username, password, storeid) VALUES ('employee1', 'Lisa', 'Simpson', '1999/1/12','801-313-1113','13000','lisa','asil','store2');
  INSERT INTO employee(id, firstname, lastname, hiredate, phone, salary, username, password, storeid) VALUES ('employee2', 'Homer', 'Simpson', '2004/1/12','801-313-1113','13000','homer','doh','store3');
  
         -- FEE TABLE;
CREATE TABLE fee (
  id			 VARCHAR(40) PRIMARY KEY REFERENCES revenuesource(id),
  amount         NUMERIC(8,2),
  rentalid 		 VARCHAR(40) REFERENCES rental,
  empid	 	     VARCHAR(40) REFERENCES employee,
  waived         boolean
  );
  INSERT INTO businessobject(id, botype) VALUES('fee1', 'intex.BusinessObjects.Fee');
  INSERT INTO fee (id, amount, rentalid, empid) VALUES('fee1','12.00','rental1', 'employee1');

	
-- STOREPRODUCT TABLE;
CREATE TABLE storeproduct(
  id              VARCHAR(40) PRIMARY KEY REFERENCES businessobject(id),
  storeid         VARCHAR(40) REFERENCES store(id),
  productid       VARCHAR(40) REFERENCES product(id),
  shelflocation   VARCHAR(250),
  quantityonhand  INT
  );
    INSERT INTO businessobject (id, botype) VALUES('storeproduct1', 'intex.BusinessObjects.StoreProduct');
  INSERT INTO businessobject (id, botype) VALUES('storeproduct2', 'intex.BusinessObjects.StoreProduct');
  INSERT INTO businessobject (id, botype) VALUES('storeproduct3', 'intex.BusinessObjects.StoreProduct');
  INSERT INTO businessobject (id, botype) VALUES('storeproduct4', 'intex.BusinessObjects.StoreProduct');
  INSERT INTO businessobject (id, botype) VALUES('storeproduct5', 'intex.BusinessObjects.StoreProduct');
  INSERT INTO businessobject (id, botype) VALUES('storeproduct6', 'intex.BusinessObjects.StoreProduct');
  INSERT INTO businessobject (id, botype) VALUES('storeproduct7', 'intex.BusinessObjects.StoreProduct');
  INSERT INTO businessobject (id, botype) VALUES('storeproduct8', 'intex.BusinessObjects.StoreProduct');
  INSERT INTO businessobject (id, botype) VALUES('storeproduct9', 'intex.BusinessObjects.StoreProduct');
  INSERT INTO businessobject (id, botype) VALUES('storeproduct10', 'intex.BusinessObjects.StoreProduct');
  INSERT INTO businessobject (id, botype) VALUES('storeproduct11', 'intex.BusinessObjects.StoreProduct');
  INSERT INTO businessobject (id, botype) VALUES('storeproduct12', 'intex.BusinessObjects.StoreProduct');
  INSERT INTO businessobject (id, botype) VALUES('storeproduct13', 'intex.BusinessObjects.StoreProduct');
  INSERT INTO businessobject (id, botype) VALUES('storeproduct14', 'intex.BusinessObjects.StoreProduct');
  INSERT INTO businessobject (id, botype) VALUES('storeproduct15', 'intex.BusinessObjects.StoreProduct');
  INSERT INTO businessobject (id, botype) VALUES('storeproduct16', 'intex.BusinessObjects.StoreProduct');
  INSERT INTO businessobject (id, botype) VALUES('storeproduct17', 'intex.BusinessObjects.StoreProduct');
  INSERT INTO businessobject (id, botype) VALUES('storeproduct18', 'intex.BusinessObjects.StoreProduct');
  INSERT INTO businessobject (id, botype) VALUES('storeproduct19', 'intex.BusinessObjects.StoreProduct');
  INSERT INTO businessobject (id, botype) VALUES('storeproduct20', 'intex.BusinessObjects.StoreProduct');
  INSERT INTO businessobject (id, botype) VALUES('storeproduct21', 'intex.BusinessObjects.StoreProduct');
  INSERT INTO businessobject (id, botype) VALUES('storeproduct22', 'intex.BusinessObjects.StoreProduct');
  INSERT INTO businessobject (id, botype) VALUES('storeproduct23', 'intex.BusinessObjects.StoreProduct');
  INSERT INTO businessobject (id, botype) VALUES('storeproduct24', 'intex.BusinessObjects.StoreProduct');
  INSERT INTO businessobject (id, botype) VALUES('storeproduct25', 'intex.BusinessObjects.StoreProduct');
  INSERT INTO businessobject (id, botype) VALUES('storeproduct26', 'intex.BusinessObjects.StoreProduct');
  INSERT INTO businessobject (id, botype) VALUES('storeproduct27', 'intex.BusinessObjects.StoreProduct');
  INSERT INTO businessobject (id, botype) VALUES('storeproduct28', 'intex.BusinessObjects.StoreProduct');
  INSERT INTO businessobject (id, botype) VALUES('storeproduct29', 'intex.BusinessObjects.StoreProduct');
  INSERT INTO businessobject (id, botype) VALUES('storeproduct30', 'intex.BusinessObjects.StoreProduct');
  INSERT INTO businessobject (id, botype) VALUES('storeproduct31', 'intex.BusinessObjects.StoreProduct');
  INSERT INTO businessobject (id, botype) VALUES('storeproduct32', 'intex.BusinessObjects.StoreProduct');
  INSERT INTO businessobject (id, botype) VALUES('storeproduct33', 'intex.BusinessObjects.StoreProduct');
  INSERT INTO businessobject (id, botype) VALUES('storeproduct34', 'intex.BusinessObjects.StoreProduct');
  INSERT INTO businessobject (id, botype) VALUES('storeproduct35', 'intex.BusinessObjects.StoreProduct');
  INSERT INTO businessobject (id, botype) VALUES('storeproduct36', 'intex.BusinessObjects.StoreProduct');
  INSERT INTO businessobject (id, botype) VALUES('storeproduct37', 'intex.BusinessObjects.StoreProduct');
  INSERT INTO businessobject (id, botype) VALUES('storeproduct38', 'intex.BusinessObjects.StoreProduct');
  INSERT INTO businessobject (id, botype) VALUES('storeproduct39', 'intex.BusinessObjects.StoreProduct');
  INSERT INTO businessobject (id, botype) VALUES('storeproduct40', 'intex.BusinessObjects.StoreProduct');
  INSERT INTO businessobject (id, botype) VALUES('storeproduct41', 'intex.BusinessObjects.StoreProduct');
  INSERT INTO businessobject (id, botype) VALUES('storeproduct42', 'intex.BusinessObjects.StoreProduct');
  INSERT INTO businessobject (id, botype) VALUES('storeproduct43', 'intex.BusinessObjects.StoreProduct');
  INSERT INTO businessobject (id, botype) VALUES('storeproduct44', 'intex.BusinessObjects.StoreProduct');
  INSERT INTO businessobject (id, botype) VALUES('storeproduct45', 'intex.BusinessObjects.StoreProduct');
  INSERT INTO businessobject (id, botype) VALUES('storeproduct46', 'intex.BusinessObjects.StoreProduct');
  INSERT INTO businessobject (id, botype) VALUES('storeproduct47', 'intex.BusinessObjects.StoreProduct');
  INSERT INTO businessobject (id, botype) VALUES('storeproduct48', 'intex.BusinessObjects.StoreProduct');
  INSERT INTO storeproduct (id, storeid, productid, shelflocation, quantityonhand) VALUES ('storeproduct1', 'store1', 'cproduct1', 'shelfLocation', 13);
  INSERT INTO storeproduct (id, storeid, productid, shelflocation, quantityonhand) VALUES ('storeproduct2', 'store1', 'cproduct2', 'shelfLocation', 32);
  INSERT INTO storeproduct (id, storeid, productid, shelflocation, quantityonhand) VALUES ('storeproduct3', 'store1', 'cproduct3', 'shelfLocation', 10);
  INSERT INTO storeproduct (id, storeid, productid, shelflocation, quantityonhand) VALUES ('storeproduct4', 'store1', 'cproduct4', 'shelfLocation', 23);
  INSERT INTO storeproduct (id, storeid, productid, shelflocation, quantityonhand) VALUES ('storeproduct5', 'store1', 'cproduct5', 'shelflocation', 17);
  INSERT INTO storeproduct (id, storeid, productid, shelflocation, quantityonhand) VALUES ('storeproduct6', 'store1', 'cproduct6', 'shelflocation', 3);
  INSERT INTO storeproduct (id, storeid, productid, shelflocation, quantityonhand) VALUES ('storeproduct7', 'store1', 'cproduct7', 'shelflocation', 19);
  INSERT INTO storeproduct (id, storeid, productid, shelflocation, quantityonhand) VALUES ('storeproduct8', 'store1', 'cproduct8', 'shelflocation', 2);
  INSERT INTO storeproduct (id, storeid, productid, shelflocation, quantityonhand) VALUES ('storeproduct9', 'store1', 'cproduct9', 'shelflocation', 4);
  INSERT INTO storeproduct (id, storeid, productid, shelflocation, quantityonhand) VALUES ('storeproduct10','store1', 'cproduct10', 'top shelf',25);
  INSERT INTO storeproduct (id, storeid, productid, shelflocation, quantityonhand) VALUES ('storeproduct11', 'store1', 'cproduct11', 'shelflocation', 13);
  INSERT INTO storeproduct (id, storeid, productid, shelflocation, quantityonhand) VALUES ('storeproduct12', 'store1', 'cproduct12', 'shelflocation', 15);
  INSERT INTO storeproduct (id, storeid, productid, shelflocation, quantityonhand) VALUES ('storeproduct13', 'store1', 'cproduct13', 'shelflocation', 29);
  INSERT INTO storeproduct (id, storeid, productid, shelflocation, quantityonhand) VALUES ('storeproduct14', 'store1', 'cproduct14', 'shelflocation', 12);
  INSERT INTO storeproduct (id, storeid, productid, shelflocation, quantityonhand) VALUES ('storeproduct15', 'store1', 'cproduct15', 'shelflocation', 23);
  INSERT INTO storeproduct (id, storeid, productid, shelflocation, quantityonhand) VALUES ('storeproduct16', 'store1', 'cproduct16', 'top shelf',52);
  INSERT INTO storeproduct (id, storeid, productid, shelflocation, quantityonhand) VALUES ('storeproduct17', 'store2', 'cproduct1', 'shelfLocation', 37);
  INSERT INTO storeproduct (id, storeid, productid, shelflocation, quantityonhand) VALUES ('storeproduct18', 'store2', 'cproduct2', 'shelfLocation', 22);
  INSERT INTO storeproduct (id, storeid, productid, shelflocation, quantityonhand) VALUES ('storeproduct19', 'store2', 'cproduct3', 'shelfLocation', 19);
  INSERT INTO storeproduct (id, storeid, productid, shelflocation, quantityonhand) VALUES ('storeproduct20', 'store2', 'cproduct4', 'shelfLocation', 22);
  INSERT INTO storeproduct (id, storeid, productid, shelflocation, quantityonhand) VALUES ('storeproduct21', 'store2', 'cproduct5', 'shelflocation', 11);
  INSERT INTO storeproduct (id, storeid, productid, shelflocation, quantityonhand) VALUES ('storeproduct22', 'store2', 'cproduct6', 'shelflocation', 29);
  INSERT INTO storeproduct (id, storeid, productid, shelflocation, quantityonhand) VALUES ('storeproduct23', 'store2', 'cproduct7', 'shelflocation', 26);
  INSERT INTO storeproduct (id, storeid, productid, shelflocation, quantityonhand) VALUES ('storeproduct24', 'store2', 'cproduct8', 'shelflocation', 12);
  INSERT INTO storeproduct (id, storeid, productid, shelflocation, quantityonhand) VALUES ('storeproduct25', 'store2', 'cproduct9', 'shelflocation', 14);
  INSERT INTO storeproduct (id, storeid, productid, shelflocation, quantityonhand) VALUES ('storeproduct26','store2', 'cproduct10', 'top shelf',25);
  INSERT INTO storeproduct (id, storeid, productid, shelflocation, quantityonhand) VALUES ('storeproduct27', 'store2', 'cproduct11', 'shelflocation', 13);
  INSERT INTO storeproduct (id, storeid, productid, shelflocation, quantityonhand) VALUES ('storeproduct28', 'store2', 'cproduct12', 'shelflocation', 25);
  INSERT INTO storeproduct (id, storeid, productid, shelflocation, quantityonhand) VALUES ('storeproduct29', 'store2', 'cproduct13', 'shelflocation', 29);
  INSERT INTO storeproduct (id, storeid, productid, shelflocation, quantityonhand) VALUES ('storeproduct30', 'store2', 'cproduct14', 'shelflocation', 12);
  INSERT INTO storeproduct (id, storeid, productid, shelflocation, quantityonhand) VALUES ('storeproduct31', 'store2', 'cproduct15', 'shelflocation', 45);
  INSERT INTO storeproduct (id, storeid, productid, shelflocation, quantityonhand) VALUES ('storeproduct32', 'store2', 'cproduct16', 'top shelf',52);
  INSERT INTO storeproduct (id, storeid, productid, shelflocation, quantityonhand) VALUES ('storeproduct33', 'store3', 'cproduct1', 'shelfLocation', 17);
  INSERT INTO storeproduct (id, storeid, productid, shelflocation, quantityonhand) VALUES ('storeproduct34', 'store3', 'cproduct2', 'shelfLocation', 11);
  INSERT INTO storeproduct (id, storeid, productid, shelflocation, quantityonhand) VALUES ('storeproduct35', 'store3', 'cproduct3', 'shelfLocation', 22);
  INSERT INTO storeproduct (id, storeid, productid, shelflocation, quantityonhand) VALUES ('storeproduct36', 'store3', 'cproduct4', 'shelfLocation', 4);
  INSERT INTO storeproduct (id, storeid, productid, shelflocation, quantityonhand) VALUES ('storeproduct37', 'store3', 'cproduct5', 'shelflocation', 16);
  INSERT INTO storeproduct (id, storeid, productid, shelflocation, quantityonhand) VALUES ('storeproduct38', 'store3', 'cproduct6', 'shelflocation', 23);
  INSERT INTO storeproduct (id, storeid, productid, shelflocation, quantityonhand) VALUES ('storeproduct39', 'store3', 'cproduct7', 'shelflocation', 24);
  INSERT INTO storeproduct (id, storeid, productid, shelflocation, quantityonhand) VALUES ('storeproduct40', 'store3', 'cproduct8', 'shelflocation', 9);
  INSERT INTO storeproduct (id, storeid, productid, shelflocation, quantityonhand) VALUES ('storeproduct41', 'store3', 'cproduct9', 'shelflocation', 17);
  INSERT INTO storeproduct (id, storeid, productid, shelflocation, quantityonhand) VALUES ('storeproduct42','store3', 'cproduct10', 'top shelf',29);
  INSERT INTO storeproduct (id, storeid, productid, shelflocation, quantityonhand) VALUES ('storeproduct43', 'store3', 'cproduct11', 'shelflocation', 23);
  INSERT INTO storeproduct (id, storeid, productid, shelflocation, quantityonhand) VALUES ('storeproduct44', 'store3', 'cproduct12', 'shelflocation', 15);
  INSERT INTO storeproduct (id, storeid, productid, shelflocation, quantityonhand) VALUES ('storeproduct45', 'store3', 'cproduct13', 'shelflocation', 23);
  INSERT INTO storeproduct (id, storeid, productid, shelflocation, quantityonhand) VALUES ('storeproduct46', 'store3', 'cproduct14', 'shelflocation', 12);
  INSERT INTO storeproduct (id, storeid, productid, shelflocation, quantityonhand) VALUES ('storeproduct47', 'store3', 'cproduct15', 'shelflocation', 43);
  INSERT INTO storeproduct (id, storeid, productid, shelflocation, quantityonhand) VALUES ('storeproduct48', 'store3', 'cproduct16', 'top shelf',27);
  
  
  -- GENERALLEDGER TABLE;
CREATE TABLE generalledger(
  id              VARCHAR(40) PRIMARY KEY REFERENCES businessobject(id),
  accountname     VARCHAR(250),
  balance         NUMERIC(8,2),
  typeof          VARCHAR(250)
  );
  INSERT INTO businessobject (id, botype) VALUES ('gl1','intex.BusinessObjects.GeneralLedger');
  INSERT INTO businessobject (id, botype) VALUES ('gl2','intex.BusinessObjects.GeneralLedger');
  INSERT INTO businessobject (id, botype) VALUES ('gl3','intex.BusinessObjects.GeneralLedger');
  INSERT INTO businessobject (id, botype) VALUES ('gl4','intex.BusinessObjects.GeneralLedger');
  INSERT INTO businessobject (id, botype) VALUES ('gl5','intex.BusinessObjects.GeneralLedger');
  
  INSERT INTO generalledger (id, accountname) VALUES ('gl1', 'Cash');
  INSERT INTO generalledger (id, accountname) VALUES ('gl2', 'Commission Payable');
  INSERT INTO generalledger (id, accountname) VALUES ('gl3', 'Commission Expense');
  INSERT INTO generalledger (id, accountname) VALUES ('gl4', 'Taxes Payable');
  INSERT INTO generalledger (id, accountname) VALUES ('gl5', 'Sales Revenue');
  
  
  -- COMMISSION TABLE;
CREATE TABLE commission(
  id              VARCHAR(40) PRIMARY KEY REFERENCES businessobject(id),
  empid           VARCHAR(40) REFERENCES employee(id),
  amount          NUMERIC(8,2),
  dateof          DATE,
  transid         VARCHAR(250)
  );
  INSERT INTO businessobject (id, botype) VALUES ('comm1','intex.BusinessObjects.Commission');
  INSERT INTO commission (id, empid, amount, dateof, transid) VALUES ('comm1', 'employee1',10,'2012-04-04','trans44');
    
  -- JOURNALENTRY TABLE;
CREATE TABLE journalentry(
  id              VARCHAR(40) PRIMARY KEY REFERENCES businessobject(id),
  dateof          DATE,
  transid         VARCHAR(250)
  );
  INSERT INTO businessobject(id, botype) VALUES ('je1', 'intex.BusinessObjects.JournalEntry');
  INSERT INTO journalentry (id, transid, dateof) VALUES ('je1','1','1840-12-12');
  
  -- DEBITORCREDIT TABLE;
CREATE TABLE debitorcredit(
  id              VARCHAR(40) PRIMARY KEY REFERENCES businessobject(id),
  dcboolean       BOOLEAN,
  glname          VARCHAR(250),
  journalentryid  VARCHAR(40) REFERENCES journalentry(id),
  amount          NUMERIC(8,2),
  generalledgerid VARCHAR(250)
  );
 INSERT INTO businessobject(id, botype) VALUES ('dc1', 'intex.BusinessObjects.DebitOrCredit');
  INSERT INTO debitorcredit (id,dcboolean,glname,journalentryid,amount,generalledgerid) VALUES ('dc1',true,'Cash','je1',1,'1')

  -- PAYMENT TABLE;
CREATE TABLE payment (
  id              VARCHAR(40) PRIMARY KEY REFERENCES businessobject(id),
  amount          NUMERIC(8,2),
  changeback      NUMERIC(8,2),
  typeof          VARCHAR(250),
  transid         VARCHAR(40) REFERENCES trans(id)
  );
  



ALTER TABLE store ADD FOREIGN KEY (managerid) REFERENCES employee(id);